roomID,receiverType,rirType,label_r,x_r,y_r,z_r,label_s,x_s,y_s,z_s,dist_gt,filename,id
Room_0,mono,Simulated,GridReceiver_0,0.5,0.44,0.5,Source_1,5.45,2.23,1.63,5.383632602620651,Room_0_Source_1_GridReceiver_0_SimulatedIR_SC.wav,Room_0_Source_1_GridReceiver_0
Room_0,mono,Simulated,GridReceiver_0,0.5,0.44,0.5,Source_2,2.04,3.64,1.63,3.726727787214945,Room_0_Source_2_GridReceiver_0_SimulatedIR_SC.wav,Room_0_Source_2_GridReceiver_0
Room_0,mono,Simulated,GridReceiver_1,0.5,0.44,1.0,Source_1,5.45,2.23,1.63,5.301273431921806,Room_0_Source_1_GridReceiver_1_SimulatedIR_SC.wav,Room_0_Source_1_GridReceiver_1
Room_0,mono,Simulated,GridReceiver_1,0.5,0.44,1.0,Source_2,2.04,3.64,1.63,3.606729820765621,Room_0_Source_2_GridReceiver_1_SimulatedIR_SC.wav,Room_0_Source_2_GridReceiver_1
Room_0,mono,Simulated,GridReceiver_2,0.5,0.44,1.5,Source_2,2.04,3.64,1.63,3.553660085039086,Room_0_Source_2_GridReceiver_2_SimulatedIR_SC.wav,Room_0_Source_2_GridReceiver_2
Room_0,mono,Simulated,GridReceiver_3,0.5,0.94,0.5,Source_1,5.45,2.23,1.63,5.2386544073836365,Room_0_Source_1_GridReceiver_3_SimulatedIR_SC.wav,Room_0_Source_1_GridReceiver_3
Room_0,mono,Simulated,GridReceiver_3,0.5,0.94,0.5,Source_2,2.04,3.64,1.63,3.307340321164425,Room_0_Source_2_GridReceiver_3_SimulatedIR_SC.wav,Room_0_Source_2_GridReceiver_3
Room_0,mono,Simulated,GridReceiver_4,0.5,0.94,1.0,Source_1,5.45,2.23,1.63,5.153979045359033,Room_0_Source_1_GridReceiver_4_SimulatedIR_SC.wav,Room_0_Source_1_GridReceiver_4
Room_0,mono,Simulated,GridReceiver_4,0.5,0.94,1.0,Source_2,2.04,3.64,1.63,3.171513834117708,Room_0_Source_2_GridReceiver_4_SimulatedIR_SC.wav,Room_0_Source_2_GridReceiver_4
Room_0,mono,Simulated,GridReceiver_5,0.5,0.94,1.5,Source_1,5.45,2.23,1.63,5.1169815321144165,Room_0_Source_1_GridReceiver_5_SimulatedIR_SC.wav,Room_0_Source_1_GridReceiver_5
Room_0,mono,Simulated,GridReceiver_5,0.5,0.94,1.5,Source_2,2.04,3.64,1.63,3.1110287687515843,Room_0_Source_2_GridReceiver_5_SimulatedIR_SC.wav,Room_0_Source_2_GridReceiver_5
Room_0,mono,Simulated,GridReceiver_6,0.5,1.44,0.5,Source_1,5.45,2.23,1.63,5.138433613466267,Room_0_Source_1_GridReceiver_6_SimulatedIR_SC.wav,Room_0_Source_1_GridReceiver_6
Room_0,mono,Simulated,GridReceiver_6,0.5,1.44,0.5,Source_2,2.04,3.64,1.63,2.913503046162815,Room_0_Source_2_GridReceiver_6_SimulatedIR_SC.wav,Room_0_Source_2_GridReceiver_6
Room_0,mono,Simulated,GridReceiver_7,0.5,1.44,1.0,Source_1,5.45,2.23,1.63,5.052078780066677,Room_0_Source_1_GridReceiver_7_SimulatedIR_SC.wav,Room_0_Source_1_GridReceiver_7
Room_0,mono,Simulated,GridReceiver_7,0.5,1.44,1.0,Source_2,2.04,3.64,1.63,2.75835095664058,Room_0_Source_2_GridReceiver_7_SimulatedIR_SC.wav,Room_0_Source_2_GridReceiver_7
Room_0,mono,Simulated,GridReceiver_8,0.5,1.44,1.5,Source_1,5.45,2.23,1.63,5.014329466638586,Room_0_Source_1_GridReceiver_8_SimulatedIR_SC.wav,Room_0_Source_1_GridReceiver_8
Room_0,mono,Simulated,GridReceiver_8,0.5,1.44,1.5,Source_2,2.04,3.64,1.63,2.68858698947979,Room_0_Source_2_GridReceiver_8_SimulatedIR_SC.wav,Room_0_Source_2_GridReceiver_8
Room_0,mono,Simulated,GridReceiver_9,0.5,1.94,0.5,Source_1,5.45,2.23,1.63,5.085616973386808,Room_0_Source_1_GridReceiver_9_SimulatedIR_SC.wav,Room_0_Source_1_GridReceiver_9
Room_0,mono,Simulated,GridReceiver_9,0.5,1.94,0.5,Source_2,2.04,3.64,1.63,2.557049080483204,Room_0_Source_2_GridReceiver_9_SimulatedIR_SC.wav,Room_0_Source_2_GridReceiver_9
Room_0,mono,Simulated,GridReceiver_10,0.5,1.94,1.0,Source_1,5.45,2.23,1.63,4.998349727660121,Room_0_Source_1_GridReceiver_10_SimulatedIR_SC.wav,Room_0_Source_1_GridReceiver_10
Room_0,mono,Simulated,GridReceiver_10,0.5,1.94,1.0,Source_2,2.04,3.64,1.63,2.3787601812709074,Room_0_Source_2_GridReceiver_10_SimulatedIR_SC.wav,Room_0_Source_2_GridReceiver_10
Room_0,mono,Simulated,GridReceiver_11,0.5,1.94,1.5,Source_1,5.45,2.23,1.63,4.960191528560163,Room_0_Source_1_GridReceiver_11_SimulatedIR_SC.wav,Room_0_Source_1_GridReceiver_11
Room_0,mono,Simulated,GridReceiver_12,0.5,2.44,1.0,Source_1,5.45,2.23,1.63,4.994346804137654,Room_0_Source_1_GridReceiver_12_SimulatedIR_SC.wav,Room_0_Source_1_GridReceiver_12
Room_0,mono,Simulated,GridReceiver_12,0.5,2.44,1.0,Source_2,2.04,3.64,1.63,2.0514628926695213,Room_0_Source_2_GridReceiver_12_SimulatedIR_SC.wav,Room_0_Source_2_GridReceiver_12
Room_0,mono,Simulated,GridReceiver_13,0.5,2.44,1.5,Source_1,5.45,2.23,1.63,4.956157786027398,Room_0_Source_1_GridReceiver_13_SimulatedIR_SC.wav,Room_0_Source_1_GridReceiver_13
Room_0,mono,Simulated,GridReceiver_13,0.5,2.44,1.5,Source_2,2.04,3.64,1.63,1.9566553094502876,Room_0_Source_2_GridReceiver_13_SimulatedIR_SC.wav,Room_0_Source_2_GridReceiver_13
Room_0,mono,Simulated,GridReceiver_14,0.5,2.94,1.0,Source_1,5.45,2.23,1.63,5.040188488538896,Room_0_Source_1_GridReceiver_14_SimulatedIR_SC.wav,Room_0_Source_1_GridReceiver_14
Room_0,mono,Simulated,GridReceiver_14,0.5,2.94,1.0,Source_2,2.04,3.64,1.63,1.805131574151868,Room_0_Source_2_GridReceiver_14_SimulatedIR_SC.wav,Room_0_Source_2_GridReceiver_14
Room_0,mono,Simulated,GridReceiver_15,0.5,2.94,1.5,Source_1,5.45,2.23,1.63,5.002349448009405,Room_0_Source_1_GridReceiver_15_SimulatedIR_SC.wav,Room_0_Source_1_GridReceiver_15
Room_0,mono,Simulated,GridReceiver_15,0.5,2.94,1.5,Source_2,2.04,3.64,1.63,1.696614275549985,Room_0_Source_2_GridReceiver_15_SimulatedIR_SC.wav,Room_0_Source_2_GridReceiver_15
Room_0,mono,Simulated,GridReceiver_16,0.5,3.44,1.0,Source_1,5.45,2.23,1.63,5.134539901490688,Room_0_Source_1_GridReceiver_16_SimulatedIR_SC.wav,Room_0_Source_1_GridReceiver_16
Room_0,mono,Simulated,GridReceiver_16,0.5,3.44,1.0,Source_2,2.04,3.64,1.63,1.675857989210303,Room_0_Source_2_GridReceiver_16_SimulatedIR_SC.wav,Room_0_Source_2_GridReceiver_16
Room_0,mono,Simulated,GridReceiver_17,0.5,3.44,1.5,Source_1,5.45,2.23,1.63,5.097401298701133,Room_0_Source_1_GridReceiver_17_SimulatedIR_SC.wav,Room_0_Source_1_GridReceiver_17
Room_0,mono,Simulated,GridReceiver_17,0.5,3.44,1.5,Source_2,2.04,3.64,1.63,1.5583645273170204,Room_0_Source_2_GridReceiver_17_SimulatedIR_SC.wav,Room_0_Source_2_GridReceiver_17
Room_0,mono,Simulated,GridReceiver_18,0.5,3.94,1.0,Source_1,5.45,2.23,1.63,5.274798574353337,Room_0_Source_1_GridReceiver_18_SimulatedIR_SC.wav,Room_0_Source_1_GridReceiver_18
Room_0,mono,Simulated,GridReceiver_18,0.5,3.94,1.0,Source_2,2.04,3.64,1.63,1.6907099100673657,Room_0_Source_2_GridReceiver_18_SimulatedIR_SC.wav,Room_0_Source_2_GridReceiver_18
Room_0,mono,Simulated,GridReceiver_19,0.5,3.94,1.5,Source_1,5.45,2.23,1.63,5.2386544073836365,Room_0_Source_1_GridReceiver_19_SimulatedIR_SC.wav,Room_0_Source_1_GridReceiver_19
Room_0,mono,Simulated,GridReceiver_19,0.5,3.94,1.5,Source_2,2.04,3.64,1.63,1.574325252290644,Room_0_Source_2_GridReceiver_19_SimulatedIR_SC.wav,Room_0_Source_2_GridReceiver_19
Room_0,mono,Simulated,GridReceiver_20,1.0,0.44,0.5,Source_1,5.45,2.23,1.63,4.927829136648308,Room_0_Source_1_GridReceiver_20_SimulatedIR_SC.wav,Room_0_Source_1_GridReceiver_20
Room_0,mono,Simulated,GridReceiver_20,1.0,0.44,0.5,Source_2,2.04,3.64,1.63,3.549436575007363,Room_0_Source_2_GridReceiver_20_SimulatedIR_SC.wav,Room_0_Source_2_GridReceiver_20
Room_0,mono,Simulated,GridReceiver_21,1.0,0.44,1.0,Source_1,5.45,2.23,1.63,4.837716403428378,Room_0_Source_1_GridReceiver_21_SimulatedIR_SC.wav,Room_0_Source_1_GridReceiver_21
Room_0,mono,Simulated,GridReceiver_21,1.0,0.44,1.0,Source_2,2.04,3.64,1.63,3.4232294693753738,Room_0_Source_2_GridReceiver_21_SimulatedIR_SC.wav,Room_0_Source_2_GridReceiver_21
Room_0,mono,Simulated,GridReceiver_22,1.0,0.44,1.5,Source_1,5.45,2.23,1.63,4.7982809421708525,Room_0_Source_1_GridReceiver_22_SimulatedIR_SC.wav,Room_0_Source_1_GridReceiver_22
Room_0,mono,Simulated,GridReceiver_22,1.0,0.44,1.5,Source_2,2.04,3.64,1.63,3.3672689230294632,Room_0_Source_2_GridReceiver_22_SimulatedIR_SC.wav,Room_0_Source_2_GridReceiver_22
Room_0,mono,Simulated,GridReceiver_23,1.0,0.94,0.5,Source_1,5.45,2.23,1.63,4.769014573263538,Room_0_Source_1_GridReceiver_23_SimulatedIR_SC.wav,Room_0_Source_1_GridReceiver_23
Room_0,mono,Simulated,GridReceiver_23,1.0,0.94,0.5,Source_2,2.04,3.64,1.63,3.1062034704764594,Room_0_Source_2_GridReceiver_23_SimulatedIR_SC.wav,Room_0_Source_2_GridReceiver_23
Room_0,mono,Simulated,GridReceiver_24,1.0,0.94,1.0,Source_1,5.45,2.23,1.63,4.675842170133633,Room_0_Source_1_GridReceiver_24_SimulatedIR_SC.wav,Room_0_Source_1_GridReceiver_24
Room_0,mono,Simulated,GridReceiver_24,1.0,0.94,1.0,Source_2,2.04,3.64,1.63,2.961165311157079,Room_0_Source_2_GridReceiver_24_SimulatedIR_SC.wav,Room_0_Source_2_GridReceiver_24
Room_0,mono,Simulated,GridReceiver_25,1.0,0.94,1.5,Source_1,5.45,2.23,1.63,4.635029665492984,Room_0_Source_1_GridReceiver_25_SimulatedIR_SC.wav,Room_0_Source_1_GridReceiver_25
Room_0,mono,Simulated,GridReceiver_25,1.0,0.94,1.5,Source_2,2.04,3.64,1.63,2.896290731263006,Room_0_Source_2_GridReceiver_25_SimulatedIR_SC.wav,Room_0_Source_2_GridReceiver_25
Room_0,mono,Simulated,GridReceiver_26,1.0,1.44,0.5,Source_1,5.45,2.23,1.63,4.658701535835925,Room_0_Source_1_GridReceiver_26_SimulatedIR_SC.wav,Room_0_Source_1_GridReceiver_26
Room_0,mono,Simulated,GridReceiver_26,1.0,1.44,0.5,Source_2,2.04,3.64,1.63,2.683002049943309,Room_0_Source_2_GridReceiver_26_SimulatedIR_SC.wav,Room_0_Source_2_GridReceiver_26
Room_0,mono,Simulated,GridReceiver_27,1.0,1.44,1.0,Source_1,5.45,2.23,1.63,4.563277331041803,Room_0_Source_1_GridReceiver_27_SimulatedIR_SC.wav,Room_0_Source_1_GridReceiver_27
Room_0,mono,Simulated,GridReceiver_27,1.0,1.44,1.0,Source_2,2.04,3.64,1.63,2.513662666309861,Room_0_Source_2_GridReceiver_27_SimulatedIR_SC.wav,Room_0_Source_2_GridReceiver_27
Room_0,mono,Simulated,GridReceiver_28,1.0,1.44,1.5,Source_1,5.45,2.23,1.63,4.521448882825062,Room_0_Source_1_GridReceiver_28_SimulatedIR_SC.wav,Room_0_Source_1_GridReceiver_28
Room_0,mono,Simulated,GridReceiver_28,1.0,1.44,1.5,Source_2,2.04,3.64,1.63,2.436903773233568,Room_0_Source_2_GridReceiver_28_SimulatedIR_SC.wav,Room_0_Source_2_GridReceiver_28
Room_0,mono,Simulated,GridReceiver_29,1.0,1.94,0.5,Source_1,5.45,2.23,1.63,4.60038041905232,Room_0_Source_1_GridReceiver_29_SimulatedIR_SC.wav,Room_0_Source_1_GridReceiver_29
Room_0,mono,Simulated,GridReceiver_29,1.0,1.94,0.5,Source_2,2.04,3.64,1.63,2.290960497258737,Room_0_Source_2_GridReceiver_29_SimulatedIR_SC.wav,Room_0_Source_2_GridReceiver_29
Room_0,mono,Simulated,GridReceiver_30,1.0,1.94,1.0,Source_1,5.45,2.23,1.63,4.503720684056684,Room_0_Source_1_GridReceiver_30_SimulatedIR_SC.wav,Room_0_Source_1_GridReceiver_30
Room_0,mono,Simulated,GridReceiver_30,1.0,1.94,1.0,Source_2,2.04,3.64,1.63,2.090095691589263,Room_0_Source_2_GridReceiver_30_SimulatedIR_SC.wav,Room_0_Source_2_GridReceiver_30
Room_0,mono,Simulated,GridReceiver_31,1.0,1.94,1.5,Source_1,5.45,2.23,1.63,4.461333881251211,Room_0_Source_1_GridReceiver_31_SimulatedIR_SC.wav,Room_0_Source_1_GridReceiver_31
Room_0,mono,Simulated,GridReceiver_31,1.0,1.94,1.5,Source_2,2.04,3.64,1.63,1.9971229306179428,Room_0_Source_2_GridReceiver_31_SimulatedIR_SC.wav,Room_0_Source_2_GridReceiver_31
Room_0,mono,Simulated,GridReceiver_32,1.0,2.44,0.5,Source_1,5.45,2.23,1.63,4.596030896327831,Room_0_Source_1_GridReceiver_32_SimulatedIR_SC.wav,Room_0_Source_1_GridReceiver_32
Room_0,mono,Simulated,GridReceiver_32,1.0,2.44,0.5,Source_2,2.04,3.64,1.63,1.9489740891043164,Room_0_Source_2_GridReceiver_32_SimulatedIR_SC.wav,Room_0_Source_2_GridReceiver_32
Room_0,mono,Simulated,GridReceiver_33,1.0,2.44,1.0,Source_1,5.45,2.23,1.63,4.49927771981237,Room_0_Source_1_GridReceiver_33_SimulatedIR_SC.wav,Room_0_Source_1_GridReceiver_33
Room_0,mono,Simulated,GridReceiver_33,1.0,2.44,1.0,Source_2,2.04,3.64,1.63,1.708361788380904,Room_0_Source_2_GridReceiver_33_SimulatedIR_SC.wav,Room_0_Source_2_GridReceiver_33
Room_0,mono,Simulated,GridReceiver_34,1.0,2.44,1.5,Source_1,5.45,2.23,1.63,4.45684866245198,Room_0_Source_1_GridReceiver_34_SimulatedIR_SC.wav,Room_0_Source_1_GridReceiver_34
Room_0,mono,Simulated,GridReceiver_34,1.0,2.44,1.5,Source_2,2.04,3.64,1.63,1.593267083699403,Room_0_Source_2_GridReceiver_34_SimulatedIR_SC.wav,Room_0_Source_2_GridReceiver_34
Room_0,mono,Simulated,GridReceiver_35,1.0,2.94,1.0,Source_1,5.45,2.23,1.63,4.550109888782908,Room_0_Source_1_GridReceiver_35_SimulatedIR_SC.wav,Room_0_Source_1_GridReceiver_35
Room_0,mono,Simulated,GridReceiver_35,1.0,2.94,1.0,Source_2,2.04,3.64,1.63,1.4030324301312498,Room_0_Source_2_GridReceiver_35_SimulatedIR_SC.wav,Room_0_Source_2_GridReceiver_35
Room_0,mono,Simulated,GridReceiver_36,1.0,2.94,1.5,Source_1,5.45,2.23,1.63,4.508159269591083,Room_0_Source_1_GridReceiver_36_SimulatedIR_SC.wav,Room_0_Source_1_GridReceiver_36
Room_0,mono,Simulated,GridReceiver_36,1.0,2.94,1.5,Source_2,2.04,3.64,1.63,1.2603570922560003,Room_0_Source_2_GridReceiver_36_SimulatedIR_SC.wav,Room_0_Source_2_GridReceiver_36
Room_0,mono,Simulated,GridReceiver_37,1.0,3.44,1.5,Source_1,5.45,2.23,1.63,4.613404382882559,Room_0_Source_1_GridReceiver_37_SimulatedIR_SC.wav,Room_0_Source_1_GridReceiver_37
Room_0,mono,Simulated,GridReceiver_37,1.0,3.44,1.5,Source_2,2.04,3.64,1.63,1.0670051546267243,Room_0_Source_2_GridReceiver_37_SimulatedIR_SC.wav,Room_0_Source_2_GridReceiver_37
Room_0,mono,Simulated,GridReceiver_38,1.0,3.94,0.5,Source_1,5.45,2.23,1.63,4.8993366897979165,Room_0_Source_1_GridReceiver_38_SimulatedIR_SC.wav,Room_0_Source_1_GridReceiver_38
Room_0,mono,Simulated,GridReceiver_38,1.0,3.94,0.5,Source_2,2.04,3.64,1.63,1.564768353463221,Room_0_Source_2_GridReceiver_38_SimulatedIR_SC.wav,Room_0_Source_2_GridReceiver_38
Room_0,mono,Simulated,GridReceiver_39,1.0,3.94,1.0,Source_1,5.45,2.23,1.63,4.808690050315159,Room_0_Source_1_GridReceiver_39_SimulatedIR_SC.wav,Room_0_Source_1_GridReceiver_39
Room_0,mono,Simulated,GridReceiver_39,1.0,3.94,1.0,Source_2,2.04,3.64,1.63,1.2523977004130915,Room_0_Source_2_GridReceiver_39_SimulatedIR_SC.wav,Room_0_Source_2_GridReceiver_39
Room_0,mono,Simulated,GridReceiver_40,1.0,3.94,1.5,Source_1,5.45,2.23,1.63,4.769014573263537,Room_0_Source_1_GridReceiver_40_SimulatedIR_SC.wav,Room_0_Source_1_GridReceiver_40
Room_0,mono,Simulated,GridReceiver_41,1.5,0.44,0.5,Source_1,5.45,2.23,1.63,4.481461815077754,Room_0_Source_1_GridReceiver_41_SimulatedIR_SC.wav,Room_0_Source_1_GridReceiver_41
Room_0,mono,Simulated,GridReceiver_41,1.5,0.44,0.5,Source_2,2.04,3.64,1.63,3.4363498075719825,Room_0_Source_2_GridReceiver_41_SimulatedIR_SC.wav,Room_0_Source_2_GridReceiver_41
Room_0,mono,Simulated,GridReceiver_42,1.5,0.44,1.0,Source_1,5.45,2.23,1.63,4.382179822873543,Room_0_Source_1_GridReceiver_42_SimulatedIR_SC.wav,Room_0_Source_1_GridReceiver_42
Room_0,mono,Simulated,GridReceiver_42,1.5,0.44,1.0,Source_2,2.04,3.64,1.63,3.305828186702993,Room_0_Source_2_GridReceiver_42_SimulatedIR_SC.wav,Room_0_Source_2_GridReceiver_42
Room_0,mono,Simulated,GridReceiver_43,1.5,0.44,1.5,Source_1,5.45,2.23,1.63,4.338605766833396,Room_0_Source_1_GridReceiver_43_SimulatedIR_SC.wav,Room_0_Source_1_GridReceiver_43
Room_0,mono,Simulated,GridReceiver_44,1.5,0.94,0.5,Source_1,5.45,2.23,1.63,4.306216436734225,Room_0_Source_1_GridReceiver_44_SimulatedIR_SC.wav,Room_0_Source_1_GridReceiver_44
Room_0,mono,Simulated,GridReceiver_44,1.5,0.94,0.5,Source_2,2.04,3.64,1.63,2.976323235134249,Room_0_Source_2_GridReceiver_44_SimulatedIR_SC.wav,Room_0_Source_2_GridReceiver_44
Room_0,mono,Simulated,GridReceiver_45,1.5,0.94,1.0,Source_1,5.45,2.23,1.63,4.202796687921032,Room_0_Source_1_GridReceiver_45_SimulatedIR_SC.wav,Room_0_Source_1_GridReceiver_45
Room_0,mono,Simulated,GridReceiver_45,1.5,0.94,1.0,Source_2,2.04,3.64,1.63,2.824623868765539,Room_0_Source_2_GridReceiver_45_SimulatedIR_SC.wav,Room_0_Source_2_GridReceiver_45
Room_0,mono,Simulated,GridReceiver_46,1.5,0.94,1.5,Source_1,5.45,2.23,1.63,4.157342901421532,Room_0_Source_1_GridReceiver_46_SimulatedIR_SC.wav,Room_0_Source_1_GridReceiver_46
Room_0,mono,Simulated,GridReceiver_46,1.5,0.94,1.5,Source_2,2.04,3.64,1.63,2.756537683399231,Room_0_Source_2_GridReceiver_46_SimulatedIR_SC.wav,Room_0_Source_2_GridReceiver_46
Room_0,mono,Simulated,GridReceiver_47,1.5,1.44,0.5,Source_1,5.45,2.23,1.63,4.183718441769236,Room_0_Source_1_GridReceiver_47_SimulatedIR_SC.wav,Room_0_Source_1_GridReceiver_47
Room_0,mono,Simulated,GridReceiver_47,1.5,1.44,0.5,Source_2,2.04,3.64,1.63,2.531501530712553,Room_0_Source_2_GridReceiver_47_SimulatedIR_SC.wav,Room_0_Source_2_GridReceiver_47
Room_0,mono,Simulated,GridReceiver_48,1.5,1.44,1.0,Source_1,5.45,2.23,1.63,4.077192661623927,Room_0_Source_1_GridReceiver_48_SimulatedIR_SC.wav,Room_0_Source_1_GridReceiver_48
Room_0,mono,Simulated,GridReceiver_48,1.5,1.44,1.0,Source_2,2.04,3.64,1.63,2.351276249188938,Room_0_Source_2_GridReceiver_48_SimulatedIR_SC.wav,Room_0_Source_2_GridReceiver_48
Room_0,mono,Simulated,GridReceiver_49,1.5,1.44,1.5,Source_1,5.45,2.23,1.63,4.030322567735739,Room_0_Source_1_GridReceiver_49_SimulatedIR_SC.wav,Room_0_Source_1_GridReceiver_49
Room_0,mono,Simulated,GridReceiver_49,1.5,1.44,1.5,Source_2,2.04,3.64,1.63,2.2690306300268404,Room_0_Source_2_GridReceiver_49_SimulatedIR_SC.wav,Room_0_Source_2_GridReceiver_49
Room_0,mono,Simulated,GridReceiver_50,1.5,1.94,0.5,Source_1,5.45,2.23,1.63,4.118676972038473,Room_0_Source_1_GridReceiver_50_SimulatedIR_SC.wav,Room_0_Source_1_GridReceiver_50
Room_0,mono,Simulated,GridReceiver_50,1.5,1.94,0.5,Source_2,2.04,3.64,1.63,2.111516043036377,Room_0_Source_2_GridReceiver_50_SimulatedIR_SC.wav,Room_0_Source_2_GridReceiver_50
Room_0,mono,Simulated,GridReceiver_51,1.5,1.94,1.0,Source_1,5.45,2.23,1.63,4.010423917742362,Room_0_Source_1_GridReceiver_51_SimulatedIR_SC.wav,Room_0_Source_1_GridReceiver_51
Room_0,mono,Simulated,GridReceiver_51,1.5,1.94,1.0,Source_2,2.04,3.64,1.63,1.8916923639957952,Room_0_Source_2_GridReceiver_51_SimulatedIR_SC.wav,Room_0_Source_2_GridReceiver_51
Room_0,mono,Simulated,GridReceiver_52,1.5,1.94,1.5,Source_1,5.45,2.23,1.63,3.9627641867767,Room_0_Source_1_GridReceiver_52_SimulatedIR_SC.wav,Room_0_Source_1_GridReceiver_52
Room_0,mono,Simulated,GridReceiver_52,1.5,1.94,1.5,Source_2,2.04,3.64,1.63,1.788435070110179,Room_0_Source_2_GridReceiver_52_SimulatedIR_SC.wav,Room_0_Source_2_GridReceiver_52
Room_0,mono,Simulated,GridReceiver_53,1.5,2.44,0.5,Source_1,5.45,2.23,1.63,4.113818177800278,Room_0_Source_1_GridReceiver_53_SimulatedIR_SC.wav,Room_0_Source_1_GridReceiver_53
Room_0,mono,Simulated,GridReceiver_53,1.5,2.44,0.5,Source_2,2.04,3.64,1.63,1.7345028106059672,Room_0_Source_2_GridReceiver_53_SimulatedIR_SC.wav,Room_0_Source_2_GridReceiver_53
Room_0,mono,Simulated,GridReceiver_54,1.5,2.44,1.0,Source_1,5.45,2.23,1.63,4.0054338092146775,Room_0_Source_1_GridReceiver_54_SimulatedIR_SC.wav,Room_0_Source_1_GridReceiver_54
Room_0,mono,Simulated,GridReceiver_54,1.5,2.44,1.0,Source_2,2.04,3.64,1.63,1.4589379698945395,Room_0_Source_2_GridReceiver_54_SimulatedIR_SC.wav,Room_0_Source_2_GridReceiver_54
Room_0,mono,Simulated,GridReceiver_55,1.5,2.44,1.5,Source_1,5.45,2.23,1.63,3.957713986634204,Room_0_Source_1_GridReceiver_55_SimulatedIR_SC.wav,Room_0_Source_1_GridReceiver_55
Room_0,mono,Simulated,GridReceiver_55,1.5,2.44,1.5,Source_2,2.04,3.64,1.63,1.3223085872821063,Room_0_Source_2_GridReceiver_55_SimulatedIR_SC.wav,Room_0_Source_2_GridReceiver_55
Room_0,mono,Simulated,GridReceiver_56,1.5,2.94,1.5,Source_1,5.45,2.23,1.63,4.01540782486661,Room_0_Source_1_GridReceiver_56_SimulatedIR_SC.wav,Room_0_Source_1_GridReceiver_56
Room_0,mono,Simulated,GridReceiver_56,1.5,2.94,1.5,Source_2,2.04,3.64,1.63,0.8935882720806043,Room_0_Source_2_GridReceiver_56_SimulatedIR_SC.wav,Room_0_Source_2_GridReceiver_56
Room_0,mono,Simulated,GridReceiver_57,1.5,3.44,1.5,Source_1,5.45,2.23,1.63,4.133219084442537,Room_0_Source_1_GridReceiver_57_SimulatedIR_SC.wav,Room_0_Source_1_GridReceiver_57
Room_0,mono,Simulated,GridReceiver_57,1.5,3.44,1.5,Source_2,2.04,3.64,1.63,0.5903388857258177,Room_0_Source_2_GridReceiver_57_SimulatedIR_SC.wav,Room_0_Source_2_GridReceiver_57
Room_0,mono,Simulated,GridReceiver_58,1.5,3.94,0.5,Source_1,5.45,2.23,1.63,4.450112358132096,Room_0_Source_1_GridReceiver_58_SimulatedIR_SC.wav,Room_0_Source_1_GridReceiver_58
Room_0,mono,Simulated,GridReceiver_58,1.5,3.94,0.5,Source_2,2.04,3.64,1.63,1.287827628217379,Room_0_Source_2_GridReceiver_58_SimulatedIR_SC.wav,Room_0_Source_2_GridReceiver_58
Room_0,mono,Simulated,GridReceiver_59,1.5,3.94,1.0,Source_1,5.45,2.23,1.63,4.35011494101018,Room_0_Source_1_GridReceiver_59_SimulatedIR_SC.wav,Room_0_Source_1_GridReceiver_59
Room_0,mono,Simulated,GridReceiver_59,1.5,3.94,1.0,Source_2,2.04,3.64,1.63,0.8823264701911644,Room_0_Source_2_GridReceiver_59_SimulatedIR_SC.wav,Room_0_Source_2_GridReceiver_59
Room_0,mono,Simulated,GridReceiver_60,1.5,3.94,1.5,Source_1,5.45,2.23,1.63,4.306216436734225,Room_0_Source_1_GridReceiver_60_SimulatedIR_SC.wav,Room_0_Source_1_GridReceiver_60
Room_0,mono,Simulated,GridReceiver_60,1.5,3.94,1.5,Source_2,2.04,3.64,1.63,0.6312685640834651,Room_0_Source_2_GridReceiver_60_SimulatedIR_SC.wav,Room_0_Source_2_GridReceiver_60
Room_0,mono,Simulated,GridReceiver_61,2.0,0.44,0.5,Source_1,5.45,2.23,1.63,4.047653641308752,Room_0_Source_1_GridReceiver_61_SimulatedIR_SC.wav,Room_0_Source_1_GridReceiver_61
Room_0,mono,Simulated,GridReceiver_61,2.0,0.44,0.5,Source_2,2.04,3.64,1.63,3.393891571632777,Room_0_Source_2_GridReceiver_61_SimulatedIR_SC.wav,Room_0_Source_2_GridReceiver_61
Room_0,mono,Simulated,GridReceiver_62,2.0,0.44,1.0,Source_1,5.45,2.23,1.63,3.937448412360472,Room_0_Source_1_GridReceiver_62_SimulatedIR_SC.wav,Room_0_Source_1_GridReceiver_62
Room_0,mono,Simulated,GridReceiver_62,2.0,0.44,1.0,Source_2,2.04,3.64,1.63,3.261671350703501,Room_0_Source_2_GridReceiver_62_SimulatedIR_SC.wav,Room_0_Source_2_GridReceiver_62
Room_0,mono,Simulated,GridReceiver_63,2.0,0.44,1.5,Source_1,5.45,2.23,1.63,3.888894444440477,Room_0_Source_1_GridReceiver_63_SimulatedIR_SC.wav,Room_0_Source_1_GridReceiver_63
Room_0,mono,Simulated,GridReceiver_63,2.0,0.44,1.5,Source_2,2.04,3.64,1.63,3.202889320597888,Room_0_Source_2_GridReceiver_63_SimulatedIR_SC.wav,Room_0_Source_2_GridReceiver_63
Room_0,mono,Simulated,GridReceiver_64,2.0,0.94,0.5,Source_1,5.45,2.23,1.63,3.852726307434776,Room_0_Source_1_GridReceiver_64_SimulatedIR_SC.wav,Room_0_Source_1_GridReceiver_64
Room_0,mono,Simulated,GridReceiver_64,2.0,0.94,0.5,Source_2,2.04,3.64,1.63,2.9272000273298717,Room_0_Source_2_GridReceiver_64_SimulatedIR_SC.wav,Room_0_Source_2_GridReceiver_64
Room_0,mono,Simulated,GridReceiver_65,2.0,0.94,1.0,Source_1,5.45,2.23,1.63,3.7367766858617606,Room_0_Source_1_GridReceiver_65_SimulatedIR_SC.wav,Room_0_Source_1_GridReceiver_65
Room_0,mono,Simulated,GridReceiver_65,2.0,0.94,1.0,Source_2,2.04,3.64,1.63,2.772814454665151,Room_0_Source_2_GridReceiver_65_SimulatedIR_SC.wav,Room_0_Source_2_GridReceiver_65
Room_0,mono,Simulated,GridReceiver_66,2.0,0.94,1.5,Source_1,5.45,2.23,1.63,3.6855800086282215,Room_0_Source_1_GridReceiver_66_SimulatedIR_SC.wav,Room_0_Source_1_GridReceiver_66
Room_0,mono,Simulated,GridReceiver_66,2.0,0.94,1.5,Source_2,2.04,3.64,1.63,2.70342375516677,Room_0_Source_2_GridReceiver_66_SimulatedIR_SC.wav,Room_0_Source_2_GridReceiver_66
Room_0,mono,Simulated,GridReceiver_67,2.0,1.44,0.5,Source_1,5.45,2.23,1.63,3.7153061784999633,Room_0_Source_1_GridReceiver_67_SimulatedIR_SC.wav,Room_0_Source_1_GridReceiver_67
Room_0,mono,Simulated,GridReceiver_67,2.0,1.44,0.5,Source_2,2.04,3.64,1.63,2.47356018726046,Room_0_Source_2_GridReceiver_67_SimulatedIR_SC.wav,Room_0_Source_2_GridReceiver_67
Room_0,mono,Simulated,GridReceiver_68,2.0,1.44,1.0,Source_1,5.45,2.23,1.63,3.594926981177782,Room_0_Source_1_GridReceiver_68_SimulatedIR_SC.wav,Room_0_Source_1_GridReceiver_68
Room_0,mono,Simulated,GridReceiver_68,2.0,1.44,1.0,Source_2,2.04,3.64,1.63,2.288776965979866,Room_0_Source_2_GridReceiver_68_SimulatedIR_SC.wav,Room_0_Source_2_GridReceiver_68
Room_0,mono,Simulated,GridReceiver_69,2.0,1.44,1.5,Source_1,5.45,2.23,1.63,3.541680392130267,Room_0_Source_1_GridReceiver_69_SimulatedIR_SC.wav,Room_0_Source_1_GridReceiver_69
Room_0,mono,Simulated,GridReceiver_69,2.0,1.44,1.5,Source_2,2.04,3.64,1.63,2.204200535341556,Room_0_Source_2_GridReceiver_69_SimulatedIR_SC.wav,Room_0_Source_2_GridReceiver_69
Room_0,mono,Simulated,GridReceiver_70,2.0,1.94,0.5,Source_1,5.45,2.23,1.63,3.6419088401551183,Room_0_Source_1_GridReceiver_70_SimulatedIR_SC.wav,Room_0_Source_1_GridReceiver_70
Room_0,mono,Simulated,GridReceiver_70,2.0,1.94,0.5,Source_2,2.04,3.64,1.63,2.0416904760516466,Room_0_Source_2_GridReceiver_70_SimulatedIR_SC.wav,Room_0_Source_2_GridReceiver_70
Room_0,mono,Simulated,GridReceiver_71,2.0,1.94,1.0,Source_2,2.04,3.64,1.63,1.8134221791960088,Room_0_Source_2_GridReceiver_71_SimulatedIR_SC.wav,Room_0_Source_2_GridReceiver_71
Room_0,mono,Simulated,GridReceiver_72,2.0,1.94,1.5,Source_1,5.45,2.23,1.63,3.4646067597925168,Room_0_Source_1_GridReceiver_72_SimulatedIR_SC.wav,Room_0_Source_1_GridReceiver_72
Room_0,mono,Simulated,GridReceiver_72,2.0,1.94,1.5,Source_2,2.04,3.64,1.63,1.7054324964653396,Room_0_Source_2_GridReceiver_72_SimulatedIR_SC.wav,Room_0_Source_2_GridReceiver_72
Room_0,mono,Simulated,GridReceiver_73,2.0,2.44,0.5,Source_1,5.45,2.23,1.63,3.636413067845841,Room_0_Source_1_GridReceiver_73_SimulatedIR_SC.wav,Room_0_Source_1_GridReceiver_73
Room_0,mono,Simulated,GridReceiver_73,2.0,2.44,0.5,Source_2,2.04,3.64,1.63,1.6487874332369228,Room_0_Source_2_GridReceiver_73_SimulatedIR_SC.wav,Room_0_Source_2_GridReceiver_73
Room_0,mono,Simulated,GridReceiver_74,2.0,2.44,1.0,Source_1,5.45,2.23,1.63,3.5133317520553056,Room_0_Source_1_GridReceiver_74_SimulatedIR_SC.wav,Room_0_Source_1_GridReceiver_74
Room_0,mono,Simulated,GridReceiver_74,2.0,2.44,1.0,Source_2,2.04,3.64,1.63,1.355912976558599,Room_0_Source_2_GridReceiver_74_SimulatedIR_SC.wav,Room_0_Source_2_GridReceiver_74
Room_0,mono,Simulated,GridReceiver_75,2.0,2.44,1.5,Source_1,5.45,2.23,1.63,3.458829281707902,Room_0_Source_1_GridReceiver_75_SimulatedIR_SC.wav,Room_0_Source_1_GridReceiver_75
Room_0,mono,Simulated,GridReceiver_75,2.0,2.44,1.5,Source_2,2.04,3.64,1.63,1.207683733433551,Room_0_Source_2_GridReceiver_75_SimulatedIR_SC.wav,Room_0_Source_2_GridReceiver_75
Room_0,mono,Simulated,GridReceiver_76,2.0,2.94,0.5,Source_1,5.45,2.23,1.63,3.699121517333541,Room_0_Source_1_GridReceiver_76_SimulatedIR_SC.wav,Room_0_Source_1_GridReceiver_76
Room_0,mono,Simulated,GridReceiver_76,2.0,2.94,0.5,Source_2,2.04,3.64,1.63,1.32984961555809,Room_0_Source_2_GridReceiver_76_SimulatedIR_SC.wav,Room_0_Source_2_GridReceiver_76
Room_0,mono,Simulated,GridReceiver_77,2.0,2.94,1.0,Source_1,5.45,2.23,1.63,3.5781978704370165,Room_0_Source_1_GridReceiver_77_SimulatedIR_SC.wav,Room_0_Source_1_GridReceiver_77
Room_0,mono,Simulated,GridReceiver_77,2.0,2.94,1.0,Source_2,2.04,3.64,1.63,0.9426027795418388,Room_0_Source_2_GridReceiver_77_SimulatedIR_SC.wav,Room_0_Source_2_GridReceiver_77
Room_0,mono,Simulated,GridReceiver_78,2.0,2.94,1.5,Source_1,5.45,2.23,1.63,3.5246985686722208,Room_0_Source_1_GridReceiver_78_SimulatedIR_SC.wav,Room_0_Source_1_GridReceiver_78
Room_0,mono,Simulated,GridReceiver_78,2.0,2.94,1.5,Source_2,2.04,3.64,1.63,0.7130918594402829,Room_0_Source_2_GridReceiver_78_SimulatedIR_SC.wav,Room_0_Source_2_GridReceiver_78
Room_0,mono,Simulated,GridReceiver_79,2.0,3.44,0.5,Source_1,5.45,2.23,1.63,3.826682636435899,Room_0_Source_1_GridReceiver_79_SimulatedIR_SC.wav,Room_0_Source_1_GridReceiver_79
Room_0,mono,Simulated,GridReceiver_79,2.0,3.44,0.5,Source_2,2.04,3.64,1.63,1.148259552540278,Room_0_Source_2_GridReceiver_79_SimulatedIR_SC.wav,Room_0_Source_2_GridReceiver_79
Room_0,mono,Simulated,GridReceiver_80,2.0,3.44,1.0,Source_1,5.45,2.23,1.63,3.709919136585056,Room_0_Source_1_GridReceiver_80_SimulatedIR_SC.wav,Room_0_Source_1_GridReceiver_80
Room_0,mono,Simulated,GridReceiver_80,2.0,3.44,1.0,Source_2,2.04,3.64,1.63,0.6621933252457322,Room_0_Source_2_GridReceiver_80_SimulatedIR_SC.wav,Room_0_Source_2_GridReceiver_80
Room_0,mono,Simulated,GridReceiver_81,2.0,3.44,1.5,Source_1,5.45,2.23,1.63,3.6583466210844486,Room_0_Source_1_GridReceiver_81_SimulatedIR_SC.wav,Room_0_Source_1_GridReceiver_81
Room_0,mono,Simulated,GridReceiver_82,2.0,3.94,0.5,Source_1,5.45,2.23,1.63,4.01291664503513,Room_0_Source_1_GridReceiver_82_SimulatedIR_SC.wav,Room_0_Source_1_GridReceiver_82
Room_0,mono,Simulated,GridReceiver_82,2.0,3.94,0.5,Source_2,2.04,3.64,1.63,1.1698290473398238,Room_0_Source_2_GridReceiver_82_SimulatedIR_SC.wav,Room_0_Source_2_GridReceiver_82
Room_0,mono,Simulated,GridReceiver_83,2.0,3.94,1.0,Source_1,5.45,2.23,1.63,3.901730385354683,Room_0_Source_1_GridReceiver_83_SimulatedIR_SC.wav,Room_0_Source_1_GridReceiver_83
Room_0,mono,Simulated,GridReceiver_83,2.0,3.94,1.0,Source_2,2.04,3.64,1.63,0.698927750200262,Room_0_Source_2_GridReceiver_83_SimulatedIR_SC.wav,Room_0_Source_2_GridReceiver_83
Room_0,mono,Simulated,GridReceiver_84,2.0,3.94,1.5,Source_1,5.45,2.23,1.63,3.852726307434776,Room_0_Source_1_GridReceiver_84_SimulatedIR_SC.wav,Room_0_Source_1_GridReceiver_84
Room_0,mono,Simulated,GridReceiver_85,2.5,0.44,0.5,Source_1,5.45,2.23,1.63,3.630908977102015,Room_0_Source_1_GridReceiver_85_SimulatedIR_SC.wav,Room_0_Source_1_GridReceiver_85
Room_0,mono,Simulated,GridReceiver_85,2.5,0.44,0.5,Source_2,2.04,3.64,1.63,3.4246897669716017,Room_0_Source_2_GridReceiver_85_SimulatedIR_SC.wav,Room_0_Source_2_GridReceiver_85
Room_0,mono,Simulated,GridReceiver_86,2.5,0.44,1.0,Source_1,5.45,2.23,1.63,3.507634530563297,Room_0_Source_1_GridReceiver_86_SimulatedIR_SC.wav,Room_0_Source_1_GridReceiver_86
Room_0,mono,Simulated,GridReceiver_86,2.5,0.44,1.0,Source_2,2.04,3.64,1.63,3.2937061192522936,Room_0_Source_2_GridReceiver_86_SimulatedIR_SC.wav,Room_0_Source_2_GridReceiver_86
Room_0,mono,Simulated,GridReceiver_87,2.5,0.44,1.5,Source_1,5.45,2.23,1.63,3.453042137014838,Room_0_Source_1_GridReceiver_87_SimulatedIR_SC.wav,Room_0_Source_1_GridReceiver_87
Room_0,mono,Simulated,GridReceiver_87,2.5,0.44,1.5,Source_2,2.04,3.64,1.63,3.2355061427850824,Room_0_Source_2_GridReceiver_87_SimulatedIR_SC.wav,Room_0_Source_2_GridReceiver_87
Room_0,mono,Simulated,GridReceiver_88,2.5,0.94,0.5,Source_1,5.45,2.23,1.63,3.4122573173780437,Room_0_Source_1_GridReceiver_88_SimulatedIR_SC.wav,Room_0_Source_1_GridReceiver_88
Room_0,mono,Simulated,GridReceiver_88,2.5,0.94,0.5,Source_2,2.04,3.64,1.63,2.962853354454115,Room_0_Source_2_GridReceiver_88_SimulatedIR_SC.wav,Room_0_Source_2_GridReceiver_88
Room_0,mono,Simulated,GridReceiver_89,2.5,0.94,1.0,Source_1,5.45,2.23,1.63,3.2807773469103325,Room_0_Source_1_GridReceiver_89_SimulatedIR_SC.wav,Room_0_Source_1_GridReceiver_89
Room_0,mono,Simulated,GridReceiver_89,2.5,0.94,1.0,Source_2,2.04,3.64,1.63,2.8104270138183627,Room_0_Source_2_GridReceiver_89_SimulatedIR_SC.wav,Room_0_Source_2_GridReceiver_89
Room_0,mono,Simulated,GridReceiver_90,2.5,0.94,1.5,Source_1,5.45,2.23,1.63,3.222343867435628,Room_0_Source_1_GridReceiver_90_SimulatedIR_SC.wav,Room_0_Source_1_GridReceiver_90
Room_0,mono,Simulated,GridReceiver_90,2.5,0.94,1.5,Source_2,2.04,3.64,1.63,2.7419883296615253,Room_0_Source_2_GridReceiver_90_SimulatedIR_SC.wav,Room_0_Source_2_GridReceiver_90
Room_0,mono,Simulated,GridReceiver_91,2.5,1.44,1.5,Source_1,5.45,2.23,1.63,3.05671392184483,Room_0_Source_1_GridReceiver_91_SimulatedIR_SC.wav,Room_0_Source_1_GridReceiver_91
Room_0,mono,Simulated,GridReceiver_91,2.5,1.44,1.5,Source_2,2.04,3.64,1.63,2.2513329385055423,Room_0_Source_2_GridReceiver_91_SimulatedIR_SC.wav,Room_0_Source_2_GridReceiver_91
Room_0,mono,Simulated,GridReceiver_92,2.5,1.94,1.5,Source_1,5.45,2.23,1.63,2.967069261072279,Room_0_Source_1_GridReceiver_92_SimulatedIR_SC.wav,Room_0_Source_1_GridReceiver_92
Room_0,mono,Simulated,GridReceiver_92,2.5,1.94,1.5,Source_2,2.04,3.64,1.63,1.7659275183313727,Room_0_Source_2_GridReceiver_92_SimulatedIR_SC.wav,Room_0_Source_2_GridReceiver_92
Room_0,mono,Simulated,GridReceiver_93,2.5,2.44,0.5,Source_1,5.45,2.23,1.63,3.1659911560204965,Room_0_Source_1_GridReceiver_93_SimulatedIR_SC.wav,Room_0_Source_1_GridReceiver_93
Room_0,mono,Simulated,GridReceiver_93,2.5,2.44,0.5,Source_2,2.04,3.64,1.63,1.711286066091815,Room_0_Source_2_GridReceiver_93_SimulatedIR_SC.wav,Room_0_Source_2_GridReceiver_93
Room_0,mono,Simulated,GridReceiver_94,2.5,2.44,1.0,Source_1,5.45,2.23,1.63,3.0238220847133186,Room_0_Source_1_GridReceiver_94_SimulatedIR_SC.wav,Room_0_Source_1_GridReceiver_94
Room_0,mono,Simulated,GridReceiver_94,2.5,2.44,1.0,Source_2,2.04,3.64,1.63,1.431258187749506,Room_0_Source_2_GridReceiver_94_SimulatedIR_SC.wav,Room_0_Source_2_GridReceiver_94
Room_0,mono,Simulated,GridReceiver_95,2.5,2.44,1.5,Source_1,5.45,2.23,1.63,2.96032092854812,Room_0_Source_1_GridReceiver_95_SimulatedIR_SC.wav,Room_0_Source_1_GridReceiver_95
Room_0,mono,Simulated,GridReceiver_95,2.5,2.44,1.5,Source_2,2.04,3.64,1.63,1.2917043005270208,Room_0_Source_2_GridReceiver_95_SimulatedIR_SC.wav,Room_0_Source_2_GridReceiver_95
Room_0,mono,Simulated,GridReceiver_96,2.5,2.94,0.5,Source_1,5.45,2.23,1.63,3.2378233429265406,Room_0_Source_1_GridReceiver_96_SimulatedIR_SC.wav,Room_0_Source_1_GridReceiver_96
Room_0,mono,Simulated,GridReceiver_96,2.5,2.94,0.5,Source_2,2.04,3.64,1.63,1.4065916251705752,Room_0_Source_2_GridReceiver_96_SimulatedIR_SC.wav,Room_0_Source_2_GridReceiver_96
Room_0,mono,Simulated,GridReceiver_97,2.5,2.94,1.0,Source_1,5.45,2.23,1.63,3.098951435566553,Room_0_Source_1_GridReceiver_97_SimulatedIR_SC.wav,Room_0_Source_1_GridReceiver_97
Room_0,mono,Simulated,GridReceiver_97,2.5,2.94,1.0,Source_2,2.04,3.64,1.63,1.0480935072788116,Room_0_Source_2_GridReceiver_97_SimulatedIR_SC.wav,Room_0_Source_2_GridReceiver_97
Room_0,mono,Simulated,GridReceiver_98,2.5,2.94,1.5,Source_1,5.45,2.23,1.63,3.037021567259607,Room_0_Source_1_GridReceiver_98_SimulatedIR_SC.wav,Room_0_Source_1_GridReceiver_98
Room_0,mono,Simulated,GridReceiver_99,2.5,3.44,1.5,Source_1,5.45,2.23,1.63,3.191159663821289,Room_0_Source_1_GridReceiver_99_SimulatedIR_SC.wav,Room_0_Source_1_GridReceiver_99
Room_0,mono,Simulated,GridReceiver_99,2.5,3.44,1.5,Source_2,2.04,3.64,1.63,0.5181698563212647,Room_0_Source_2_GridReceiver_99_SimulatedIR_SC.wav,Room_0_Source_2_GridReceiver_99
Room_0,mono,Simulated,GridReceiver_100,3.0,0.44,0.5,Source_1,5.45,2.23,1.63,3.237823342926541,Room_0_Source_1_GridReceiver_100_SimulatedIR_SC.wav,Room_0_Source_1_GridReceiver_100
Room_0,mono,Simulated,GridReceiver_100,3.0,0.44,0.5,Source_2,2.04,3.64,1.63,3.526825768307814,Room_0_Source_2_GridReceiver_100_SimulatedIR_SC.wav,Room_0_Source_2_GridReceiver_100
Room_0,mono,Simulated,GridReceiver_101,3.0,0.44,1.0,Source_1,5.45,2.23,1.63,3.098951435566553,Room_0_Source_1_GridReceiver_101_SimulatedIR_SC.wav,Room_0_Source_1_GridReceiver_101
Room_0,mono,Simulated,GridReceiver_101,3.0,0.44,1.0,Source_2,2.04,3.64,1.63,3.399779404608481,Room_0_Source_2_GridReceiver_101_SimulatedIR_SC.wav,Room_0_Source_2_GridReceiver_101
Room_0,mono,Simulated,GridReceiver_102,3.0,0.44,1.5,Source_2,2.04,3.64,1.63,3.343426386209213,Room_0_Source_2_GridReceiver_102_SimulatedIR_SC.wav,Room_0_Source_2_GridReceiver_102
Room_0,mono,Simulated,GridReceiver_103,3.0,0.94,0.5,Source_1,5.45,2.23,1.63,2.9905685078258952,Room_0_Source_1_GridReceiver_103_SimulatedIR_SC.wav,Room_0_Source_1_GridReceiver_103
Room_0,mono,Simulated,GridReceiver_103,3.0,0.94,0.5,Source_2,2.04,3.64,1.63,3.080340890226275,Room_0_Source_2_GridReceiver_103_SimulatedIR_SC.wav,Room_0_Source_2_GridReceiver_103
Room_0,mono,Simulated,GridReceiver_104,3.0,0.94,1.0,Source_1,5.45,2.23,1.63,2.83963025762158,Room_0_Source_1_GridReceiver_104_SimulatedIR_SC.wav,Room_0_Source_1_GridReceiver_104
Room_0,mono,Simulated,GridReceiver_104,3.0,0.94,1.0,Source_2,2.04,3.64,1.63,2.9340245397746765,Room_0_Source_2_GridReceiver_104_SimulatedIR_SC.wav,Room_0_Source_2_GridReceiver_104
Room_0,mono,Simulated,GridReceiver_105,3.0,0.94,1.5,Source_1,5.45,2.23,1.63,2.771912697037914,Room_0_Source_1_GridReceiver_105_SimulatedIR_SC.wav,Room_0_Source_1_GridReceiver_105
Room_0,mono,Simulated,GridReceiver_105,3.0,0.94,1.5,Source_2,2.04,3.64,1.63,2.868536212077512,Room_0_Source_2_GridReceiver_105_SimulatedIR_SC.wav,Room_0_Source_2_GridReceiver_105
Room_0,mono,Simulated,GridReceiver_106,3.0,1.44,1.5,Source_1,5.45,2.23,1.63,2.577498787584584,Room_0_Source_1_GridReceiver_106_SimulatedIR_SC.wav,Room_0_Source_1_GridReceiver_106
Room_0,mono,Simulated,GridReceiver_106,3.0,1.44,1.5,Source_2,2.04,3.64,1.63,2.403851076918036,Room_0_Source_2_GridReceiver_106_SimulatedIR_SC.wav,Room_0_Source_2_GridReceiver_106
Room_0,mono,Simulated,GridReceiver_107,3.0,1.94,1.5,Source_1,5.45,2.23,1.63,2.4705262597268627,Room_0_Source_1_GridReceiver_107_SimulatedIR_SC.wav,Room_0_Source_1_GridReceiver_107
Room_0,mono,Simulated,GridReceiver_107,3.0,1.94,1.5,Source_2,2.04,3.64,1.63,1.9566553094502876,Room_0_Source_2_GridReceiver_107_SimulatedIR_SC.wav,Room_0_Source_2_GridReceiver_107
Room_0,mono,Simulated,GridReceiver_108,3.0,2.44,0.5,Source_1,5.45,2.23,1.63,2.7061965930065024,Room_0_Source_1_GridReceiver_108_SimulatedIR_SC.wav,Room_0_Source_1_GridReceiver_108
Room_0,mono,Simulated,GridReceiver_108,3.0,2.44,0.5,Source_2,2.04,3.64,1.63,1.9074852555131323,Room_0_Source_2_GridReceiver_108_SimulatedIR_SC.wav,Room_0_Source_2_GridReceiver_108
Room_0,mono,Simulated,GridReceiver_109,3.0,2.44,1.0,Source_1,5.45,2.23,1.63,2.5384050110256244,Room_0_Source_1_GridReceiver_109_SimulatedIR_SC.wav,Room_0_Source_1_GridReceiver_109
Room_0,mono,Simulated,GridReceiver_109,3.0,2.44,1.0,Source_2,2.04,3.64,1.63,1.660873264279969,Room_0_Source_2_GridReceiver_109_SimulatedIR_SC.wav,Room_0_Source_2_GridReceiver_109
Room_0,mono,Simulated,GridReceiver_110,3.0,2.44,1.5,Source_1,5.45,2.23,1.63,2.4624175113087547,Room_0_Source_1_GridReceiver_110_SimulatedIR_SC.wav,Room_0_Source_1_GridReceiver_110
Room_0,mono,Simulated,GridReceiver_110,3.0,2.44,1.5,Source_2,2.04,3.64,1.63,1.5422386326376345,Room_0_Source_2_GridReceiver_110_SimulatedIR_SC.wav,Room_0_Source_2_GridReceiver_110
Room_0,mono,Simulated,GridReceiver_111,3.0,2.94,0.5,Source_1,5.45,2.23,1.63,2.7898924710461515,Room_0_Source_1_GridReceiver_111_SimulatedIR_SC.wav,Room_0_Source_1_GridReceiver_111
Room_0,mono,Simulated,GridReceiver_111,3.0,2.94,0.5,Source_2,2.04,3.64,1.63,1.6396645998496155,Room_0_Source_2_GridReceiver_111_SimulatedIR_SC.wav,Room_0_Source_2_GridReceiver_111
Room_0,mono,Simulated,GridReceiver_112,3.0,2.94,1.0,Source_1,5.45,2.23,1.63,2.6274512364647227,Room_0_Source_1_GridReceiver_112_SimulatedIR_SC.wav,Room_0_Source_1_GridReceiver_112
Room_0,mono,Simulated,GridReceiver_112,3.0,2.94,1.0,Source_2,2.04,3.64,1.63,1.344804818551748,Room_0_Source_2_GridReceiver_112_SimulatedIR_SC.wav,Room_0_Source_2_GridReceiver_112
Room_0,mono,Simulated,GridReceiver_113,3.0,2.94,1.5,Source_1,5.45,2.23,1.63,2.554114327903119,Room_0_Source_1_GridReceiver_113_SimulatedIR_SC.wav,Room_0_Source_1_GridReceiver_113
Room_0,mono,Simulated,GridReceiver_113,3.0,2.94,1.5,Source_2,2.04,3.64,1.63,1.195198728245642,Room_0_Source_2_GridReceiver_113_SimulatedIR_SC.wav,Room_0_Source_2_GridReceiver_113
Room_0,mono,Simulated,GridReceiver_114,3.0,3.44,1.5,Source_1,5.45,2.23,1.63,2.735598654773759,Room_0_Source_1_GridReceiver_114_SimulatedIR_SC.wav,Room_0_Source_1_GridReceiver_114
Room_0,mono,Simulated,GridReceiver_114,3.0,3.44,1.5,Source_2,2.04,3.64,1.63,0.9891915891272024,Room_0_Source_2_GridReceiver_114_SimulatedIR_SC.wav,Room_0_Source_2_GridReceiver_114
Room_0,mono,Simulated,GridReceiver_115,3.5,0.44,0.5,Source_1,5.45,2.23,1.63,2.878107016773351,Room_0_Source_1_GridReceiver_115_SimulatedIR_SC.wav,Room_0_Source_1_GridReceiver_115
Room_0,mono,Simulated,GridReceiver_115,3.5,0.44,0.5,Source_2,2.04,3.64,1.63,3.6943876353192815,Room_0_Source_2_GridReceiver_115_SimulatedIR_SC.wav,Room_0_Source_2_GridReceiver_115
Room_0,mono,Simulated,GridReceiver_116,3.5,0.44,1.0,Source_1,5.45,2.23,1.63,2.720937338492013,Room_0_Source_1_GridReceiver_116_SimulatedIR_SC.wav,Room_0_Source_1_GridReceiver_116
Room_0,mono,Simulated,GridReceiver_116,3.5,0.44,1.0,Source_2,2.04,3.64,1.63,3.5733037934102385,Room_0_Source_2_GridReceiver_116_SimulatedIR_SC.wav,Room_0_Source_2_GridReceiver_116
Room_0,mono,Simulated,GridReceiver_117,3.5,0.44,1.5,Source_2,2.04,3.64,1.63,3.5197301032891715,Room_0_Source_2_GridReceiver_117_SimulatedIR_SC.wav,Room_0_Source_2_GridReceiver_117
Room_0,mono,Simulated,GridReceiver_118,3.5,1.44,1.0,Source_1,5.45,2.23,1.63,2.1962467985178717,Room_0_Source_1_GridReceiver_118_SimulatedIR_SC.wav,Room_0_Source_1_GridReceiver_118
Room_0,mono,Simulated,GridReceiver_118,3.5,1.44,1.0,Source_2,2.04,3.64,1.63,2.714498111990502,Room_0_Source_2_GridReceiver_118_SimulatedIR_SC.wav,Room_0_Source_2_GridReceiver_118
Room_0,mono,Simulated,GridReceiver_119,3.5,1.44,1.5,Source_1,5.45,2.23,1.63,2.107961100210343,Room_0_Source_1_GridReceiver_119_SimulatedIR_SC.wav,Room_0_Source_1_GridReceiver_119
Room_0,mono,Simulated,GridReceiver_119,3.5,1.44,1.5,Source_2,2.04,3.64,1.63,2.6435771220072244,Room_0_Source_2_GridReceiver_119_SimulatedIR_SC.wav,Room_0_Source_2_GridReceiver_119
Room_0,mono,Simulated,GridReceiver_120,3.5,1.94,0.5,Source_1,5.45,2.23,1.63,2.2723336022688216,Room_0_Source_1_GridReceiver_120_SimulatedIR_SC.wav,Room_0_Source_1_GridReceiver_120
Room_0,mono,Simulated,GridReceiver_120,3.5,1.94,0.5,Source_2,2.04,3.64,1.63,2.5096812546616354,Room_0_Source_2_GridReceiver_120_SimulatedIR_SC.wav,Room_0_Source_2_GridReceiver_120
Room_0,mono,Simulated,GridReceiver_121,3.5,1.94,1.0,Source_1,5.45,2.23,1.63,2.069661808122284,Room_0_Source_1_GridReceiver_121_SimulatedIR_SC.wav,Room_0_Source_1_GridReceiver_121
Room_0,mono,Simulated,GridReceiver_121,3.5,1.94,1.0,Source_2,2.04,3.64,1.63,2.3277671704876326,Room_0_Source_2_GridReceiver_121_SimulatedIR_SC.wav,Room_0_Source_2_GridReceiver_121
Room_0,mono,Simulated,GridReceiver_122,3.5,1.94,1.5,Source_1,5.45,2.23,1.63,1.97572771403349,Room_0_Source_1_GridReceiver_122_SimulatedIR_SC.wav,Room_0_Source_1_GridReceiver_122
Room_0,mono,Simulated,GridReceiver_122,3.5,1.94,1.5,Source_2,2.04,3.64,1.63,2.244660330651388,Room_0_Source_2_GridReceiver_122_SimulatedIR_SC.wav,Room_0_Source_2_GridReceiver_122
Room_0,mono,Simulated,GridReceiver_123,3.5,2.44,0.5,Source_1,5.45,2.23,1.63,2.263514965711515,Room_0_Source_1_GridReceiver_123_SimulatedIR_SC.wav,Room_0_Source_1_GridReceiver_123
Room_0,mono,Simulated,GridReceiver_123,3.5,2.44,0.5,Source_2,2.04,3.64,1.63,2.2019309707617998,Room_0_Source_2_GridReceiver_123_SimulatedIR_SC.wav,Room_0_Source_2_GridReceiver_123
Room_0,mono,Simulated,GridReceiver_124,3.5,2.44,1.0,Source_1,5.45,2.23,1.63,2.0599757280123474,Room_0_Source_1_GridReceiver_124_SimulatedIR_SC.wav,Room_0_Source_1_GridReceiver_124
Room_0,mono,Simulated,GridReceiver_124,3.5,2.44,1.0,Source_2,2.04,3.64,1.63,1.9921094347449888,Room_0_Source_2_GridReceiver_124_SimulatedIR_SC.wav,Room_0_Source_2_GridReceiver_124
Room_0,mono,Simulated,GridReceiver_125,3.5,2.44,1.5,Source_1,5.45,2.23,1.63,1.9655787951644168,Room_0_Source_1_GridReceiver_125_SimulatedIR_SC.wav,Room_0_Source_1_GridReceiver_125
Room_0,mono,Simulated,GridReceiver_125,3.5,2.44,1.5,Source_2,2.04,3.64,1.63,1.894333655932872,Room_0_Source_2_GridReceiver_125_SimulatedIR_SC.wav,Room_0_Source_2_GridReceiver_125
Room_0,mono,Simulated,GridReceiver_126,3.5,2.94,0.5,Source_1,5.45,2.23,1.63,2.3629430801439124,Room_0_Source_1_GridReceiver_126_SimulatedIR_SC.wav,Room_0_Source_1_GridReceiver_126
Room_0,mono,Simulated,GridReceiver_126,3.5,2.94,0.5,Source_2,2.04,3.64,1.63,1.9744619520264248,Room_0_Source_2_GridReceiver_126_SimulatedIR_SC.wav,Room_0_Source_2_GridReceiver_126
Room_0,mono,Simulated,GridReceiver_127,3.5,2.94,1.0,Source_1,5.45,2.23,1.63,2.168755403451482,Room_0_Source_1_GridReceiver_127_SimulatedIR_SC.wav,Room_0_Source_1_GridReceiver_127
Room_0,mono,Simulated,GridReceiver_127,3.5,2.94,1.0,Source_2,2.04,3.64,1.63,1.73738308959193,Room_0_Source_2_GridReceiver_127_SimulatedIR_SC.wav,Room_0_Source_2_GridReceiver_127
Room_0,mono,Simulated,GridReceiver_128,3.5,2.94,1.5,Source_1,5.45,2.23,1.63,2.079302767756538,Room_0_Source_1_GridReceiver_128_SimulatedIR_SC.wav,Room_0_Source_1_GridReceiver_128
Room_0,mono,Simulated,GridReceiver_128,3.5,2.94,1.5,Source_2,2.04,3.64,1.63,1.6243460222501855,Room_0_Source_2_GridReceiver_128_SimulatedIR_SC.wav,Room_0_Source_2_GridReceiver_128
Room_0,mono,Simulated,GridReceiver_129,3.5,3.94,1.5,Source_1,5.45,2.23,1.63,2.5968249844762354,Room_0_Source_1_GridReceiver_129_SimulatedIR_SC.wav,Room_0_Source_1_GridReceiver_129
Room_0,mono,Simulated,GridReceiver_129,3.5,3.94,1.5,Source_2,2.04,3.64,1.63,1.4961617559608986,Room_0_Source_2_GridReceiver_129_SimulatedIR_SC.wav,Room_0_Source_2_GridReceiver_129
Room_0,mono,Simulated,GridReceiver_130,4.0,1.44,1.5,Source_1,5.45,2.23,1.63,1.6563514119896177,Room_0_Source_1_GridReceiver_130_SimulatedIR_SC.wav,Room_0_Source_1_GridReceiver_130
Room_0,mono,Simulated,GridReceiver_130,4.0,1.44,1.5,Source_2,2.04,3.64,1.63,2.9493219559756443,Room_0_Source_2_GridReceiver_130_SimulatedIR_SC.wav,Room_0_Source_2_GridReceiver_130
Room_0,mono,Simulated,GridReceiver_131,4.0,1.94,0.5,Source_1,5.45,2.23,1.63,1.861048091802036,Room_0_Source_1_GridReceiver_131_SimulatedIR_SC.wav,Room_0_Source_1_GridReceiver_131
Room_0,mono,Simulated,GridReceiver_131,4.0,1.94,0.5,Source_2,2.04,3.64,1.63,2.8299293277394755,Room_0_Source_2_GridReceiver_131_SimulatedIR_SC.wav,Room_0_Source_2_GridReceiver_131
Room_0,mono,Simulated,GridReceiver_132,4.0,1.94,1.0,Source_1,5.45,2.23,1.63,1.6073269735806714,Room_0_Source_1_GridReceiver_132_SimulatedIR_SC.wav,Room_0_Source_1_GridReceiver_132
Room_0,mono,Simulated,GridReceiver_132,4.0,1.94,1.0,Source_2,2.04,3.64,1.63,2.669925092582187,Room_0_Source_2_GridReceiver_132_SimulatedIR_SC.wav,Room_0_Source_2_GridReceiver_132
Room_0,mono,Simulated,GridReceiver_133,4.0,1.94,1.5,Source_1,5.45,2.23,1.63,1.4844190782929194,Room_0_Source_1_GridReceiver_133_SimulatedIR_SC.wav,Room_0_Source_1_GridReceiver_133
Room_0,mono,Simulated,GridReceiver_133,4.0,1.94,1.5,Source_2,2.04,3.64,1.63,2.597787520179432,Room_0_Source_2_GridReceiver_133_SimulatedIR_SC.wav,Room_0_Source_2_GridReceiver_133
Room_0,mono,Simulated,GridReceiver_134,4.0,2.44,0.5,Source_1,5.45,2.23,1.63,1.8502702505309865,Room_0_Source_1_GridReceiver_134_SimulatedIR_SC.wav,Room_0_Source_1_GridReceiver_134
Room_0,mono,Simulated,GridReceiver_134,4.0,2.44,0.5,Source_2,2.04,3.64,1.63,2.5609568524284043,Room_0_Source_2_GridReceiver_134_SimulatedIR_SC.wav,Room_0_Source_2_GridReceiver_134
Room_0,mono,Simulated,GridReceiver_135,4.0,2.44,1.0,Source_1,5.45,2.23,1.63,1.594835414705856,Room_0_Source_1_GridReceiver_135_SimulatedIR_SC.wav,Room_0_Source_1_GridReceiver_135
Room_0,mono,Simulated,GridReceiver_135,4.0,2.44,1.0,Source_2,2.04,3.64,1.63,2.382960343774105,Room_0_Source_2_GridReceiver_135_SimulatedIR_SC.wav,Room_0_Source_2_GridReceiver_135
Room_0,mono,Simulated,GridReceiver_136,4.0,2.44,1.5,Source_1,5.45,2.23,1.63,1.4708840878872815,Room_0_Source_1_GridReceiver_136_SimulatedIR_SC.wav,Room_0_Source_1_GridReceiver_136
Room_0,mono,Simulated,GridReceiver_136,4.0,2.44,1.5,Source_2,2.04,3.64,1.63,2.301847084408519,Room_0_Source_2_GridReceiver_136_SimulatedIR_SC.wav,Room_0_Source_2_GridReceiver_136
Room_0,mono,Simulated,GridReceiver_137,4.0,2.94,0.5,Source_1,5.45,2.23,1.63,1.9706597879897991,Room_0_Source_1_GridReceiver_137_SimulatedIR_SC.wav,Room_0_Source_1_GridReceiver_137
Room_0,mono,Simulated,GridReceiver_137,4.0,2.94,0.5,Source_2,2.04,3.64,1.63,2.368227185047921,Room_0_Source_2_GridReceiver_137_SimulatedIR_SC.wav,Room_0_Source_2_GridReceiver_137
Room_0,mono,Simulated,GridReceiver_138,4.0,2.94,1.0,Source_1,5.45,2.23,1.63,1.733060876022536,Room_0_Source_1_GridReceiver_138_SimulatedIR_SC.wav,Room_0_Source_1_GridReceiver_138
Room_0,mono,Simulated,GridReceiver_138,4.0,2.94,1.0,Source_2,2.04,3.64,1.63,2.174511439381269,Room_0_Source_2_GridReceiver_138_SimulatedIR_SC.wav,Room_0_Source_2_GridReceiver_138
Room_0,mono,Simulated,GridReceiver_139,4.0,2.94,1.5,Source_1,5.45,2.23,1.63,1.6197221984031709,Room_0_Source_1_GridReceiver_139_SimulatedIR_SC.wav,Room_0_Source_1_GridReceiver_139
Room_0,mono,Simulated,GridReceiver_139,4.0,2.94,1.5,Source_2,2.04,3.64,1.63,2.0853057329801787,Room_0_Source_2_GridReceiver_139_SimulatedIR_SC.wav,Room_0_Source_2_GridReceiver_139
Room_0,mono,Simulated,GridReceiver_140,4.0,3.94,1.5,Source_2,2.04,3.64,1.63,1.9870832896484232,Room_0_Source_2_GridReceiver_140_SimulatedIR_SC.wav,Room_0_Source_2_GridReceiver_140
Room_0,mono,Simulated,GridReceiver_141,4.5,0.44,0.5,Source_1,5.45,2.23,1.63,2.3202370568543205,Room_0_Source_1_GridReceiver_141_SimulatedIR_SC.wav,Room_0_Source_1_GridReceiver_141
Room_0,mono,Simulated,GridReceiver_141,4.5,0.44,0.5,Source_2,2.04,3.64,1.63,4.191479452412955,Room_0_Source_2_GridReceiver_141_SimulatedIR_SC.wav,Room_0_Source_2_GridReceiver_141
Room_0,mono,Simulated,GridReceiver_142,4.5,0.44,1.0,Source_1,5.45,2.23,1.63,2.122145141124895,Room_0_Source_1_GridReceiver_142_SimulatedIR_SC.wav,Room_0_Source_1_GridReceiver_142
Room_0,mono,Simulated,GridReceiver_142,4.5,0.44,1.0,Source_2,2.04,3.64,1.63,4.085156055770697,Room_0_Source_2_GridReceiver_142_SimulatedIR_SC.wav,Room_0_Source_2_GridReceiver_142
Room_0,mono,Simulated,GridReceiver_143,4.5,0.44,1.5,Source_1,5.45,2.23,1.63,2.03064029310954,Room_0_Source_1_GridReceiver_143_SimulatedIR_SC.wav,Room_0_Source_1_GridReceiver_143
Room_0,mono,Simulated,GridReceiver_143,4.5,0.44,1.5,Source_2,2.04,3.64,1.63,4.038378387422358,Room_0_Source_2_GridReceiver_143_SimulatedIR_SC.wav,Room_0_Source_2_GridReceiver_143
Room_0,mono,Simulated,GridReceiver_144,4.5,0.94,1.5,Source_1,5.45,2.23,1.63,1.6073269735806714,Room_0_Source_1_GridReceiver_144_SimulatedIR_SC.wav,Room_0_Source_1_GridReceiver_144
Room_0,mono,Simulated,GridReceiver_144,4.5,0.94,1.5,Source_2,2.04,3.64,1.63,3.6549281798689286,Room_0_Source_2_GridReceiver_144_SimulatedIR_SC.wav,Room_0_Source_2_GridReceiver_144
Room_0,mono,Simulated,GridReceiver_145,4.5,1.44,1.5,Source_1,5.45,2.23,1.63,1.2423767544509194,Room_0_Source_1_GridReceiver_145_SimulatedIR_SC.wav,Room_0_Source_1_GridReceiver_145
Room_0,mono,Simulated,GridReceiver_145,4.5,1.44,1.5,Source_2,2.04,3.64,1.63,3.3028018408617856,Room_0_Source_2_GridReceiver_145_SimulatedIR_SC.wav,Room_0_Source_2_GridReceiver_145
Room_0,mono,Simulated,GridReceiver_146,4.5,1.94,0.5,Source_1,5.45,2.23,1.63,1.50449327017438,Room_0_Source_1_GridReceiver_146_SimulatedIR_SC.wav,Room_0_Source_1_GridReceiver_146
Room_0,mono,Simulated,GridReceiver_146,4.5,1.94,0.5,Source_2,2.04,3.64,1.63,3.1966388598025897,Room_0_Source_2_GridReceiver_146_SimulatedIR_SC.wav,Room_0_Source_2_GridReceiver_146
Room_0,mono,Simulated,GridReceiver_147,4.5,1.94,1.0,Source_1,5.45,2.23,1.63,1.1762227680163313,Room_0_Source_1_GridReceiver_147_SimulatedIR_SC.wav,Room_0_Source_1_GridReceiver_147
Room_0,mono,Simulated,GridReceiver_147,4.5,1.94,1.0,Source_2,2.04,3.64,1.63,3.0558959406367228,Room_0_Source_2_GridReceiver_147_SimulatedIR_SC.wav,Room_0_Source_2_GridReceiver_147
Room_0,mono,Simulated,GridReceiver_148,4.5,1.94,1.5,Source_1,5.45,2.23,1.63,1.00174847142384,Room_0_Source_1_GridReceiver_148_SimulatedIR_SC.wav,Room_0_Source_1_GridReceiver_148
Room_0,mono,Simulated,GridReceiver_148,4.5,1.94,1.5,Source_2,2.04,3.64,1.63,2.993075341517484,Room_0_Source_2_GridReceiver_148_SimulatedIR_SC.wav,Room_0_Source_2_GridReceiver_148
Room_0,mono,Simulated,GridReceiver_149,4.5,2.44,0.5,Source_1,5.45,2.23,1.63,1.491140503104922,Room_0_Source_1_GridReceiver_149_SimulatedIR_SC.wav,Room_0_Source_1_GridReceiver_149
Room_0,mono,Simulated,GridReceiver_149,4.5,2.44,0.5,Source_2,2.04,3.64,1.63,2.961165311157079,Room_0_Source_2_GridReceiver_149_SimulatedIR_SC.wav,Room_0_Source_2_GridReceiver_149
Room_0,mono,Simulated,GridReceiver_150,4.5,2.44,1.0,Source_1,5.45,2.23,1.63,1.159094474147815,Room_0_Source_1_GridReceiver_150_SimulatedIR_SC.wav,Room_0_Source_1_GridReceiver_150
Room_0,mono,Simulated,GridReceiver_150,4.5,2.44,1.0,Source_2,2.04,3.64,1.63,2.8086473612755305,Room_0_Source_2_GridReceiver_150_SimulatedIR_SC.wav,Room_0_Source_2_GridReceiver_150
Room_0,mono,Simulated,GridReceiver_151,4.5,2.44,1.5,Source_1,5.45,2.23,1.63,0.9815803584016952,Room_0_Source_1_GridReceiver_151_SimulatedIR_SC.wav,Room_0_Source_1_GridReceiver_151
Room_0,mono,Simulated,GridReceiver_151,4.5,2.44,1.5,Source_2,2.04,3.64,1.63,2.7401642286549177,Room_0_Source_2_GridReceiver_151_SimulatedIR_SC.wav,Room_0_Source_2_GridReceiver_151
Room_0,mono,Simulated,GridReceiver_152,4.5,2.94,0.5,Source_1,5.45,2.23,1.63,1.6381391882254694,Room_0_Source_1_GridReceiver_152_SimulatedIR_SC.wav,Room_0_Source_1_GridReceiver_152
Room_0,mono,Simulated,GridReceiver_152,4.5,2.94,0.5,Source_2,2.04,3.64,1.63,2.7961580785070077,Room_0_Source_2_GridReceiver_152_SimulatedIR_SC.wav,Room_0_Source_2_GridReceiver_152
Room_0,mono,Simulated,GridReceiver_153,4.5,2.94,1.0,Source_1,5.45,2.23,1.63,1.3429445260322557,Room_0_Source_1_GridReceiver_153_SimulatedIR_SC.wav,Room_0_Source_1_GridReceiver_153
Room_0,mono,Simulated,GridReceiver_153,4.5,2.94,1.0,Source_2,2.04,3.64,1.63,2.6341032629720496,Room_0_Source_2_GridReceiver_153_SimulatedIR_SC.wav,Room_0_Source_2_GridReceiver_153
Room_0,mono,Simulated,GridReceiver_154,4.5,2.94,1.5,Source_1,5.45,2.23,1.63,1.1931051923447489,Room_0_Source_1_GridReceiver_154_SimulatedIR_SC.wav,Room_0_Source_1_GridReceiver_154
Room_0,mono,Simulated,GridReceiver_154,4.5,2.94,1.5,Source_2,2.04,3.64,1.63,2.5609568524284043,Room_0_Source_2_GridReceiver_154_SimulatedIR_SC.wav,Room_0_Source_2_GridReceiver_154
Room_0,mono,Simulated,GridReceiver_155,4.5,3.94,1.5,Source_1,5.45,2.23,1.63,1.960484633961715,Room_0_Source_1_GridReceiver_155_SimulatedIR_SC.wav,Room_0_Source_1_GridReceiver_155
Room_0,mono,Simulated,GridReceiver_155,4.5,3.94,1.5,Source_2,2.04,3.64,1.63,2.481632527188504,Room_0_Source_2_GridReceiver_155_SimulatedIR_SC.wav,Room_0_Source_2_GridReceiver_155
Room_0,mono,Simulated,GridReceiver_156,5.0,0.44,0.5,Source_1,5.45,2.23,1.63,2.1641395518773736,Room_0_Source_1_GridReceiver_156_SimulatedIR_SC.wav,Room_0_Source_1_GridReceiver_156
Room_0,mono,Simulated,GridReceiver_156,5.0,0.44,0.5,Source_2,2.04,3.64,1.63,4.503165553252512,Room_0_Source_2_GridReceiver_156_SimulatedIR_SC.wav,Room_0_Source_2_GridReceiver_156
Room_0,mono,Simulated,GridReceiver_157,5.0,0.44,1.0,Source_1,5.45,2.23,1.63,1.9502563934006216,Room_0_Source_1_GridReceiver_157_SimulatedIR_SC.wav,Room_0_Source_1_GridReceiver_157
Room_0,mono,Simulated,GridReceiver_157,5.0,0.44,1.0,Source_2,2.04,3.64,1.63,4.404372827089006,Room_0_Source_2_GridReceiver_157_SimulatedIR_SC.wav,Room_0_Source_2_GridReceiver_157
Room_0,mono,Simulated,GridReceiver_158,5.0,0.44,1.5,Source_1,5.45,2.23,1.63,1.8502702505309867,Room_0_Source_1_GridReceiver_158_SimulatedIR_SC.wav,Room_0_Source_1_GridReceiver_158
Room_0,mono,Simulated,GridReceiver_158,5.0,0.44,1.5,Source_2,2.04,3.64,1.63,4.3610205227675785,Room_0_Source_2_GridReceiver_158_SimulatedIR_SC.wav,Room_0_Source_2_GridReceiver_158
Room_0,mono,Simulated,GridReceiver_159,5.0,2.44,0.5,Source_1,5.45,2.23,1.63,1.2343014218577242,Room_0_Source_1_GridReceiver_159_SimulatedIR_SC.wav,Room_0_Source_1_GridReceiver_159
Room_0,mono,Simulated,GridReceiver_159,5.0,2.44,0.5,Source_2,2.04,3.64,1.63,3.3879935064872835,Room_0_Source_2_GridReceiver_159_SimulatedIR_SC.wav,Room_0_Source_2_GridReceiver_159
Room_0,mono,Simulated,GridReceiver_160,5.0,2.44,1.0,Source_1,5.45,2.23,1.63,0.8021845174272563,Room_0_Source_1_GridReceiver_160_SimulatedIR_SC.wav,Room_0_Source_1_GridReceiver_160
Room_0,mono,Simulated,GridReceiver_160,5.0,2.44,1.0,Source_2,2.04,3.64,1.63,3.255533750401,Room_0_Source_2_GridReceiver_160_SimulatedIR_SC.wav,Room_0_Source_2_GridReceiver_160
Room_0,mono,Simulated,GridReceiver_161,5.0,2.44,1.5,Source_1,5.45,2.23,1.63,0.513322510708424,Room_0_Source_1_GridReceiver_161_SimulatedIR_SC.wav,Room_0_Source_1_GridReceiver_161
Room_0,mono,Simulated,GridReceiver_161,5.0,2.44,1.5,Source_2,2.04,3.64,1.63,3.196638859802589,Room_0_Source_2_GridReceiver_161_SimulatedIR_SC.wav,Room_0_Source_2_GridReceiver_161
Room_0,mono,Simulated,GridReceiver_162,5.0,2.94,0.5,Source_1,5.45,2.23,1.63,1.4083678496756449,Room_0_Source_1_GridReceiver_162_SimulatedIR_SC.wav,Room_0_Source_1_GridReceiver_162
Room_0,mono,Simulated,GridReceiver_162,5.0,2.94,0.5,Source_2,2.04,3.64,1.63,3.244765014604293,Room_0_Source_2_GridReceiver_162_SimulatedIR_SC.wav,Room_0_Source_2_GridReceiver_162
Room_0,mono,Simulated,GridReceiver_163,5.0,2.94,1.0,Source_1,5.45,2.23,1.63,1.0504760825454331,Room_0_Source_1_GridReceiver_163_SimulatedIR_SC.wav,Room_0_Source_1_GridReceiver_163
Room_0,mono,Simulated,GridReceiver_163,5.0,2.94,1.0,Source_2,2.04,3.64,1.63,3.1062034704764594,Room_0_Source_2_GridReceiver_163_SimulatedIR_SC.wav,Room_0_Source_2_GridReceiver_163
Room_0,mono,Simulated,GridReceiver_164,5.0,2.94,1.5,Source_1,5.45,2.23,1.63,0.850588031893231,Room_0_Source_1_GridReceiver_164_SimulatedIR_SC.wav,Room_0_Source_1_GridReceiver_164
Room_0,mono,Simulated,GridReceiver_164,5.0,2.94,1.5,Source_2,2.04,3.64,1.63,3.044421127242418,Room_0_Source_2_GridReceiver_164_SimulatedIR_SC.wav,Room_0_Source_2_GridReceiver_164
Room_0,mono,Simulated,GridReceiver_165,5.0,3.44,0.5,Source_1,5.45,2.23,1.63,1.7156631370988886,Room_0_Source_1_GridReceiver_165_SimulatedIR_SC.wav,Room_0_Source_1_GridReceiver_165
Room_0,mono,Simulated,GridReceiver_165,5.0,3.44,0.5,Source_2,2.04,3.64,1.63,3.174665336692988,Room_0_Source_2_GridReceiver_165_SimulatedIR_SC.wav,Room_0_Source_2_GridReceiver_165
Room_0,mono,Simulated,GridReceiver_166,5.0,3.44,1.0,Source_1,5.45,2.23,1.63,1.436488774756002,Room_0_Source_1_GridReceiver_166_SimulatedIR_SC.wav,Room_0_Source_1_GridReceiver_166
Room_0,mono,Simulated,GridReceiver_166,5.0,3.44,1.0,Source_2,2.04,3.64,1.63,3.032902899863429,Room_0_Source_2_GridReceiver_166_SimulatedIR_SC.wav,Room_0_Source_2_GridReceiver_166
Room_0,mono,Simulated,GridReceiver_167,5.0,3.44,1.5,Source_1,5.45,2.23,1.63,1.2974975915199227,Room_0_Source_1_GridReceiver_167_SimulatedIR_SC.wav,Room_0_Source_1_GridReceiver_167
Room_0,mono,Simulated,GridReceiver_167,5.0,3.44,1.5,Source_2,2.04,3.64,1.63,2.969595932109282,Room_0_Source_2_GridReceiver_167_SimulatedIR_SC.wav,Room_0_Source_2_GridReceiver_167
Room_0,mono,Simulated,GridReceiver_168,5.0,3.94,0.5,Source_1,5.45,2.23,1.63,2.098451810263938,Room_0_Source_1_GridReceiver_168_SimulatedIR_SC.wav,Room_0_Source_1_GridReceiver_168
Room_0,mono,Simulated,GridReceiver_168,5.0,3.94,0.5,Source_2,2.04,3.64,1.63,3.18253043976016,Room_0_Source_2_GridReceiver_168_SimulatedIR_SC.wav,Room_0_Source_2_GridReceiver_168
Room_0,mono,Simulated,GridReceiver_169,5.0,3.94,1.0,Source_1,5.45,2.23,1.63,1.877098825315279,Room_0_Source_1_GridReceiver_169_SimulatedIR_SC.wav,Room_0_Source_1_GridReceiver_169
Room_0,mono,Simulated,GridReceiver_169,5.0,3.94,1.0,Source_2,2.04,3.64,1.63,3.0411346566701054,Room_0_Source_2_GridReceiver_169_SimulatedIR_SC.wav,Room_0_Source_2_GridReceiver_169
Room_0,mono,Simulated,GridReceiver_170,5.0,3.94,1.5,Source_1,5.45,2.23,1.63,1.772991821752148,Room_0_Source_1_GridReceiver_170_SimulatedIR_SC.wav,Room_0_Source_1_GridReceiver_170
Room_0,mono,Simulated,GridReceiver_171,5.5,0.44,0.5,Source_1,5.45,2.23,1.63,2.1174276847155844,Room_0_Source_1_GridReceiver_171_SimulatedIR_SC.wav,Room_0_Source_1_GridReceiver_171
Room_0,mono,Simulated,GridReceiver_171,5.5,0.44,0.5,Source_2,2.04,3.64,1.63,4.846493577835424,Room_0_Source_2_GridReceiver_171_SimulatedIR_SC.wav,Room_0_Source_2_GridReceiver_171
Room_0,mono,Simulated,GridReceiver_172,5.5,0.44,1.0,Source_1,5.45,2.23,1.63,1.8982887030164823,Room_0_Source_1_GridReceiver_172_SimulatedIR_SC.wav,Room_0_Source_1_GridReceiver_172
Room_0,mono,Simulated,GridReceiver_172,5.5,0.44,1.0,Source_2,2.04,3.64,1.63,4.75483963977756,Room_0_Source_2_GridReceiver_172_SimulatedIR_SC.wav,Room_0_Source_2_GridReceiver_172
Room_0,mono,Simulated,GridReceiver_173,5.5,0.44,1.5,Source_1,5.45,2.23,1.63,1.7954108164985527,Room_0_Source_1_GridReceiver_173_SimulatedIR_SC.wav,Room_0_Source_1_GridReceiver_173
Room_0,mono,Simulated,GridReceiver_173,5.5,0.44,1.5,Source_2,2.04,3.64,1.63,4.714711019776292,Room_0_Source_2_GridReceiver_173_SimulatedIR_SC.wav,Room_0_Source_2_GridReceiver_173
Room_0,mono,Simulated,GridReceiver_174,5.5,0.94,0.5,Source_1,5.45,2.23,1.63,1.7156631370988886,Room_0_Source_1_GridReceiver_174_SimulatedIR_SC.wav,Room_0_Source_1_GridReceiver_174
Room_0,mono,Simulated,GridReceiver_174,5.5,0.94,0.5,Source_2,2.04,3.64,1.63,4.531942188510352,Room_0_Source_2_GridReceiver_174_SimulatedIR_SC.wav,Room_0_Source_2_GridReceiver_174
Room_0,mono,Simulated,GridReceiver_175,5.5,0.94,1.0,Source_1,5.45,2.23,1.63,1.436488774756002,Room_0_Source_1_GridReceiver_175_SimulatedIR_SC.wav,Room_0_Source_1_GridReceiver_175
Room_0,mono,Simulated,GridReceiver_175,5.5,0.94,1.0,Source_2,2.04,3.64,1.63,4.433790703224499,Room_0_Source_2_GridReceiver_175_SimulatedIR_SC.wav,Room_0_Source_2_GridReceiver_175
Room_0,mono,Simulated,GridReceiver_176,5.5,0.94,1.5,Source_1,5.45,2.23,1.63,1.2974975915199227,Room_0_Source_1_GridReceiver_176_SimulatedIR_SC.wav,Room_0_Source_1_GridReceiver_176
Room_0,mono,Simulated,GridReceiver_176,5.5,0.94,1.5,Source_2,2.04,3.64,1.63,4.39072886887815,Room_0_Source_2_GridReceiver_176_SimulatedIR_SC.wav,Room_0_Source_2_GridReceiver_176
Room_0,mono,Simulated,GridReceiver_177,5.5,1.94,0.5,Source_1,5.45,2.23,1.63,1.1676900273617137,Room_0_Source_1_GridReceiver_177_SimulatedIR_SC.wav,Room_0_Source_1_GridReceiver_177
Room_0,mono,Simulated,GridReceiver_177,5.5,1.94,0.5,Source_2,2.04,3.64,1.63,4.017275195950608,Room_0_Source_2_GridReceiver_177_SimulatedIR_SC.wav,Room_0_Source_2_GridReceiver_177
Room_0,mono,Simulated,GridReceiver_178,5.5,1.94,1.0,Source_1,5.45,2.23,1.63,0.6953416426476987,Room_0_Source_1_GridReceiver_178_SimulatedIR_SC.wav,Room_0_Source_1_GridReceiver_178
Room_0,mono,Simulated,GridReceiver_178,5.5,1.94,1.0,Source_2,2.04,3.64,1.63,3.906212999824767,Room_0_Source_2_GridReceiver_178_SimulatedIR_SC.wav,Room_0_Source_2_GridReceiver_178
Room_0,mono,Simulated,GridReceiver_179,5.5,1.94,1.5,Source_2,2.04,3.64,1.63,3.857265871054263,Room_0_Source_2_GridReceiver_179_SimulatedIR_SC.wav,Room_0_Source_2_GridReceiver_179
Room_0,mono,Simulated,GridReceiver_180,5.5,2.44,0.5,Source_1,5.45,2.23,1.63,1.1504347004502251,Room_0_Source_1_GridReceiver_180_SimulatedIR_SC.wav,Room_0_Source_1_GridReceiver_180
Room_0,mono,Simulated,GridReceiver_180,5.5,2.44,0.5,Source_2,2.04,3.64,1.63,3.832557892582968,Room_0_Source_2_GridReceiver_180_SimulatedIR_SC.wav,Room_0_Source_2_GridReceiver_180
Room_0,mono,Simulated,GridReceiver_181,5.5,2.44,1.0,Source_1,5.45,2.23,1.63,0.6659579566308971,Room_0_Source_1_GridReceiver_181_SimulatedIR_SC.wav,Room_0_Source_1_GridReceiver_181
Room_0,mono,Simulated,GridReceiver_181,5.5,2.44,1.0,Source_2,2.04,3.64,1.63,3.715979009628553,Room_0_Source_2_GridReceiver_181_SimulatedIR_SC.wav,Room_0_Source_2_GridReceiver_181
Room_0,mono,Simulated,GridReceiver_182,5.5,2.44,1.5,Source_2,2.04,3.64,1.63,3.664491779223962,Room_0_Source_2_GridReceiver_182_SimulatedIR_SC.wav,Room_0_Source_2_GridReceiver_182
Room_0,mono,Simulated,GridReceiver_183,5.5,2.94,1.5,Source_1,5.45,2.23,1.63,0.7235329985563892,Room_0_Source_1_GridReceiver_183_SimulatedIR_SC.wav,Room_0_Source_1_GridReceiver_183
Room_0,mono,Simulated,GridReceiver_183,5.5,2.94,1.5,Source_2,2.04,3.64,1.63,3.532492038207588,Room_0_Source_2_GridReceiver_183_SimulatedIR_SC.wav,Room_0_Source_2_GridReceiver_183
Room_0,mono,Simulated,GridReceiver_184,5.5,3.44,1.5,Source_1,5.45,2.23,1.63,1.2179901477434043,Room_0_Source_1_GridReceiver_184_SimulatedIR_SC.wav,Room_0_Source_1_GridReceiver_184
Room_0,mono,Simulated,GridReceiver_184,5.5,3.44,1.5,Source_2,2.04,3.64,1.63,3.468212796239585,Room_0_Source_2_GridReceiver_184_SimulatedIR_SC.wav,Room_0_Source_2_GridReceiver_184
Room_0,mono,Simulated,GridReceiver_185,5.5,3.94,1.5,Source_1,5.45,2.23,1.63,1.7156631370988886,Room_0_Source_1_GridReceiver_185_SimulatedIR_SC.wav,Room_0_Source_1_GridReceiver_185
Room_0,mono,Simulated,GridReceiver_185,5.5,3.94,1.5,Source_2,2.04,3.64,1.63,3.4754136444457946,Room_0_Source_2_GridReceiver_185_SimulatedIR_SC.wav,Room_0_Source_2_GridReceiver_185
Room_0,mono,Simulated,GridReceiver_186,6.0,0.44,0.5,Source_1,5.45,2.23,1.63,2.1871213958077407,Room_0_Source_1_GridReceiver_186_SimulatedIR_SC.wav,Room_0_Source_1_GridReceiver_186
Room_0,mono,Simulated,GridReceiver_186,6.0,0.44,0.5,Source_2,2.04,3.64,1.63,5.215218116244037,Room_0_Source_2_GridReceiver_186_SimulatedIR_SC.wav,Room_0_Source_2_GridReceiver_186
Room_0,mono,Simulated,GridReceiver_187,6.0,0.44,1.0,Source_1,5.45,2.23,1.63,1.97572771403349,Room_0_Source_1_GridReceiver_187_SimulatedIR_SC.wav,Room_0_Source_1_GridReceiver_187
Room_0,mono,Simulated,GridReceiver_187,6.0,0.44,1.0,Source_2,2.04,3.64,1.63,5.130155943048905,Room_0_Source_2_GridReceiver_187_SimulatedIR_SC.wav,Room_0_Source_2_GridReceiver_187
Room_0,mono,Simulated,GridReceiver_188,6.0,0.44,1.5,Source_1,5.45,2.23,1.63,1.877098825315279,Room_0_Source_1_GridReceiver_188_SimulatedIR_SC.wav,Room_0_Source_1_GridReceiver_188
Room_0,mono,Simulated,GridReceiver_188,6.0,0.44,1.5,Source_2,2.04,3.64,1.63,5.092985372058318,Room_0_Source_2_GridReceiver_188_SimulatedIR_SC.wav,Room_0_Source_2_GridReceiver_188
Room_0,mono,Simulated,GridReceiver_189,6.0,0.94,0.5,Source_1,5.45,2.23,1.63,1.8009719598039275,Room_0_Source_1_GridReceiver_189_SimulatedIR_SC.wav,Room_0_Source_1_GridReceiver_189
Room_0,mono,Simulated,GridReceiver_189,6.0,0.94,0.5,Source_2,2.04,3.64,1.63,4.924276596618025,Room_0_Source_2_GridReceiver_189_SimulatedIR_SC.wav,Room_0_Source_2_GridReceiver_189
Room_0,mono,Simulated,GridReceiver_190,6.0,0.94,1.0,Source_1,5.45,2.23,1.63,1.5373678805022564,Room_0_Source_1_GridReceiver_190_SimulatedIR_SC.wav,Room_0_Source_1_GridReceiver_190
Room_0,mono,Simulated,GridReceiver_190,6.0,0.94,1.0,Source_2,2.04,3.64,1.63,4.834097640718483,Room_0_Source_2_GridReceiver_190_SimulatedIR_SC.wav,Room_0_Source_2_GridReceiver_190
Room_0,mono,Simulated,GridReceiver_191,6.0,0.94,1.5,Source_1,5.45,2.23,1.63,1.4083678496756449,Room_0_Source_1_GridReceiver_191_SimulatedIR_SC.wav,Room_0_Source_1_GridReceiver_191
Room_0,mono,Simulated,GridReceiver_191,6.0,0.94,1.5,Source_2,2.04,3.64,1.63,4.794632415524677,Room_0_Source_2_GridReceiver_191_SimulatedIR_SC.wav,Room_0_Source_2_GridReceiver_191
Room_0,mono,Simulated,GridReceiver_192,6.0,2.94,1.5,Source_1,5.45,2.23,1.63,0.9074690077352504,Room_0_Source_1_GridReceiver_192_SimulatedIR_SC.wav,Room_0_Source_1_GridReceiver_192
Room_0,mono,Simulated,GridReceiver_192,6.0,2.94,1.5,Source_2,2.04,3.64,1.63,4.023493506891741,Room_0_Source_2_GridReceiver_192_SimulatedIR_SC.wav,Room_0_Source_2_GridReceiver_192
Room_0,mono,Simulated,GridReceiver_193,6.0,3.44,1.5,Source_2,2.04,3.64,1.63,3.9671778382119447,Room_0_Source_2_GridReceiver_193_SimulatedIR_SC.wav,Room_0_Source_2_GridReceiver_193
Room_0,mono,Simulated,GridReceiver_194,6.0,3.94,1.5,Source_1,5.45,2.23,1.63,1.8009719598039275,Room_0_Source_1_GridReceiver_194_SimulatedIR_SC.wav,Room_0_Source_1_GridReceiver_194
Room_0,mono,Simulated,GridReceiver_194,6.0,3.94,1.5,Source_2,2.04,3.64,1.63,3.973474550063206,Room_0_Source_2_GridReceiver_194_SimulatedIR_SC.wav,Room_0_Source_2_GridReceiver_194
Room_0,mono,Simulated,GridReceiver_195,6.5,0.94,0.5,Source_1,5.45,2.23,1.63,2.010845593276619,Room_0_Source_1_GridReceiver_195_SimulatedIR_SC.wav,Room_0_Source_1_GridReceiver_195
Room_0,mono,Simulated,GridReceiver_195,6.5,0.94,0.5,Source_2,2.04,3.64,1.63,5.3346508789235685,Room_0_Source_2_GridReceiver_195_SimulatedIR_SC.wav,Room_0_Source_2_GridReceiver_195
Room_0,mono,Simulated,GridReceiver_196,6.5,0.94,1.0,Source_1,5.45,2.23,1.63,1.7786230629337965,Room_0_Source_1_GridReceiver_196_SimulatedIR_SC.wav,Room_0_Source_1_GridReceiver_196
Room_0,mono,Simulated,GridReceiver_196,6.5,0.94,1.0,Source_2,2.04,3.64,1.63,5.251523588445548,Room_0_Source_2_GridReceiver_196_SimulatedIR_SC.wav,Room_0_Source_2_GridReceiver_196
Room_0,mono,Simulated,GridReceiver_197,6.5,0.94,1.5,Source_1,5.45,2.23,1.63,1.668382450159435,Room_0_Source_1_GridReceiver_197_SimulatedIR_SC.wav,Room_0_Source_1_GridReceiver_197
Room_0,mono,Simulated,GridReceiver_197,6.5,0.94,1.5,Source_2,2.04,3.64,1.63,5.215218116244037,Room_0_Source_2_GridReceiver_197_SimulatedIR_SC.wav,Room_0_Source_2_GridReceiver_197
Room_0,mono,Simulated,GridReceiver_198,6.5,2.44,0.5,Source_1,5.45,2.23,1.63,1.556759454764929,Room_0_Source_1_GridReceiver_198_SimulatedIR_SC.wav,Room_0_Source_1_GridReceiver_198
Room_0,mono,Simulated,GridReceiver_198,6.5,2.44,0.5,Source_2,2.04,3.64,1.63,4.75483963977756,Room_0_Source_2_GridReceiver_198_SimulatedIR_SC.wav,Room_0_Source_2_GridReceiver_198
Room_0,mono,Simulated,GridReceiver_199,6.5,2.44,1.0,Source_1,5.45,2.23,1.63,1.2423767544509192,Room_0_Source_1_GridReceiver_199_SimulatedIR_SC.wav,Room_0_Source_1_GridReceiver_199
Room_0,mono,Simulated,GridReceiver_199,6.5,2.44,1.0,Source_2,2.04,3.64,1.63,4.661383914675984,Room_0_Source_2_GridReceiver_199_SimulatedIR_SC.wav,Room_0_Source_2_GridReceiver_199
Room_0,mono,Simulated,GridReceiver_200,6.5,2.44,1.5,Source_1,5.45,2.23,1.63,1.0786565718522274,Room_0_Source_1_GridReceiver_200_SimulatedIR_SC.wav,Room_0_Source_1_GridReceiver_200
Room_0,mono,Simulated,GridReceiver_200,6.5,2.44,1.5,Source_2,2.04,3.64,1.63,4.620443701637322,Room_0_Source_2_GridReceiver_200_SimulatedIR_SC.wav,Room_0_Source_2_GridReceiver_200
Room_0,mono,Simulated,GridReceiver_201,6.5,2.94,0.5,Source_1,5.45,2.23,1.63,1.6980871591293538,Room_0_Source_1_GridReceiver_201_SimulatedIR_SC.wav,Room_0_Source_1_GridReceiver_201
Room_0,mono,Simulated,GridReceiver_201,6.5,2.94,0.5,Source_2,2.04,3.64,1.63,4.653869357856966,Room_0_Source_2_GridReceiver_201_SimulatedIR_SC.wav,Room_0_Source_2_GridReceiver_201
Room_0,mono,Simulated,GridReceiver_202,6.5,2.94,1.0,Source_1,5.45,2.23,1.63,1.4154504583347307,Room_0_Source_1_GridReceiver_202_SimulatedIR_SC.wav,Room_0_Source_1_GridReceiver_202
Room_0,mono,Simulated,GridReceiver_202,6.5,2.94,1.0,Source_2,2.04,3.64,1.63,4.558343997549987,Room_0_Source_2_GridReceiver_202_SimulatedIR_SC.wav,Room_0_Source_2_GridReceiver_202
Room_0,mono,Simulated,GridReceiver_203,6.5,2.94,1.5,Source_1,5.45,2.23,1.63,1.274166394157372,Room_0_Source_1_GridReceiver_203_SimulatedIR_SC.wav,Room_0_Source_1_GridReceiver_203
Room_0,mono,Simulated,GridReceiver_203,6.5,2.94,1.5,Source_2,2.04,3.64,1.63,4.516469860410894,Room_0_Source_2_GridReceiver_203_SimulatedIR_SC.wav,Room_0_Source_2_GridReceiver_203
Room_0,mono,Simulated,GridReceiver_204,6.5,3.44,0.5,Source_1,5.45,2.23,1.63,1.9604846339617148,Room_0_Source_1_GridReceiver_204_SimulatedIR_SC.wav,Room_0_Source_1_GridReceiver_204
Room_0,mono,Simulated,GridReceiver_204,6.5,3.44,0.5,Source_2,2.04,3.64,1.63,4.60526872180115,Room_0_Source_2_GridReceiver_204_SimulatedIR_SC.wav,Room_0_Source_2_GridReceiver_204
Room_0,mono,Simulated,GridReceiver_205,6.5,3.44,1.0,Source_1,5.45,2.23,1.63,1.7214819197424058,Room_0_Source_1_GridReceiver_205_SimulatedIR_SC.wav,Room_0_Source_1_GridReceiver_205
Room_0,mono,Simulated,GridReceiver_205,6.5,3.44,1.0,Source_2,2.04,3.64,1.63,4.508713785549045,Room_0_Source_2_GridReceiver_205_SimulatedIR_SC.wav,Room_0_Source_2_GridReceiver_205
Room_0,mono,Simulated,GridReceiver_206,6.5,3.44,1.5,Source_1,5.45,2.23,1.63,1.6073269735806712,Room_0_Source_1_GridReceiver_206_SimulatedIR_SC.wav,Room_0_Source_1_GridReceiver_206
Room_0,mono,Simulated,GridReceiver_206,6.5,3.44,1.5,Source_2,2.04,3.64,1.63,4.466374368545476,Room_0_Source_2_GridReceiver_206_SimulatedIR_SC.wav,Room_0_Source_2_GridReceiver_206
Room_0,mono,Simulated,GridReceiver_207,6.5,3.94,0.5,Source_1,5.45,2.23,1.63,2.3029329126138256,Room_0_Source_1_GridReceiver_207_SimulatedIR_SC.wav,Room_0_Source_1_GridReceiver_207
Room_0,mono,Simulated,GridReceiver_207,6.5,3.94,0.5,Source_2,2.04,3.64,1.63,4.610694090915163,Room_0_Source_2_GridReceiver_207_SimulatedIR_SC.wav,Room_0_Source_2_GridReceiver_207
Room_0,mono,Simulated,GridReceiver_208,6.5,3.94,1.0,Source_1,5.45,2.23,1.63,2.103211829559733,Room_0_Source_1_GridReceiver_208_SimulatedIR_SC.wav,Room_0_Source_1_GridReceiver_208
Room_0,mono,Simulated,GridReceiver_208,6.5,3.94,1.0,Source_2,2.04,3.64,1.63,4.51425519881187,Room_0_Source_2_GridReceiver_208_SimulatedIR_SC.wav,Room_0_Source_2_GridReceiver_208
Room_0,mono,Simulated,GridReceiver_209,6.5,3.94,1.5,Source_1,5.45,2.23,1.63,2.010845593276619,Room_0_Source_1_GridReceiver_209_SimulatedIR_SC.wav,Room_0_Source_1_GridReceiver_209
Room_0,mono,Simulated,GridReceiver_209,6.5,3.94,1.5,Source_2,2.04,3.64,1.63,4.471968246756679,Room_0_Source_2_GridReceiver_209_SimulatedIR_SC.wav,Room_0_Source_2_GridReceiver_209
